;;;;LISTA DE PRECIOS Y FACTORES;
;;;;Precio Venta1;
UNZUETA S.R.L.;;;;;Página:
;;;;;12/03/2015
;;;;;
Código;Descripción;;Presentación;Unidad;p.venta  
;;;;;
;;;;;
M;;;;;0.00
MC;MASA P/;;;;0.00
MCA;MATERIA CARNES AVES Y HUEVOS;;;;0.00
MCA001;ALAS DE POLLO;GRANEL;;KG;23.10
MCA005;HUEVO DE PRIMERA;MAPLE DE 30 UND;;UND;0.60
MCA009;NUGGETS EN BANDEJA;GRANEL;;KG;25.00
MCA010;PAVO ENTERO;GRANEL;;KG;43.70
MCA015;PECHUGA DE POLLO S/HUESO;EMBOLSADO;;KG;29.30
MCA020;PIERNA MUSLO DE POLLO;EMBOLSADO;;KG;16.50
MCA025;POLLO ENTERO S/M;UNIDAD;;UND;18.80
MCC;MATERIA CARNES DE CERDO;;;;0.00
MCC001;CHULETA DE CERDO;PIEZA;;KG;35.15
MCC003;CARNE DE CERDO;PIEZA;;KG;20.00
MCC005;COSTILLA DE CERDO;PIEZA;;KG;41.80
MCC010;JUEGO DE PATAS CERDO;PIEZA;;KG;33.25
MCC015;LOMO DE CERDO;PIEZA;;KG;61.75
MCC020;PIERNA DE CERDO;PIEZA;;KG;47.52
MCC025;TRIPA DE CERDO;PIEZA;;KG;0.00
MCC030;CARNE T- BONE STEAK;PIEZA;;KG;45.00
MCE;MATERIA PRIMA EMBUTIDOS;;;;0.00
MCE001;CHORIZO PARA PERSONAL;GRANEL;;KG;18.33
MCE005;CHORIZO TIPO CALABRESA;GRANEL;;KG;41.37
MCE010;JAMON;PAQUETE 500 GR;;KG;34.80
MCE015;JAMON DE PAVO;SACHET;;KG;105.33
MCE020;JAMON SERRANO;PAQUETE;;KG;178.50
MCE025;MAXI HOT DOG;SACHET DE 8 UNID;;KG;26.00
MCE030;PECHUGA DE PAVO AHUMADO;PIEZA;;KG;85.00
MCE035;PECHUGA DE PAVO FILETEADA;SACHET 400 GR;;KG;101.50
MCE040;SALAME TIPO MILANO;PIEZA;;KG;148.51
MCE045;TOCINO EN LONJAS;GRANEL;;KG;88.20
MCP;MATERIA PRIMA PESCADOS/MARISC.;;;;0.00
MCP001;CALAMAR EN AROS;BOLSA;;KG;76.00
MCP004;LANGOSTINOS 31/50;BOLSA 1 KG;;KG;150.00
MCP005;LANGOSTINOS 51/60;BOLSA DE 1 KL;;KG;135.00
MCP006;LANGOSTINOS 51/60;BOLSA DE 0.500 KG;;KG;70.00
MCP010;LANGOSTINOS PRECOCIDOS P/YAKIS;BOLSA;;KG;120.00
MCP015;MIXTO DE MAR SURTIDOS;BOLSA;;KG;75.00
MCP020;PULPO ENTERO;BOLSA;;KG;80.00
MCP023;SALMON BLANCO;BOLSA;;KG;60.00
MCP024;SALMON DE RIO;BOLSA;;KG;35.00
MCP025;SALMON ENTERO;PIEZA PREMIUN;;KG;174.00
MCP026;SALMON AHUMADO;PIEZA;;IND;52.00
MCP030;SURUBI ENTERO;PIEZA;;KG;60.00
MCP034;KANIKAMA;PAQUETE 250 GR;;UND;45.00
MCP035;KANI KAMA;PAQUETE DE 200 GR;;KG;39.00
MCP040;KANI KAMA;PAQUETE DE 500 GR;;KG;72.60
MCR;MATERIA PRIMA CARNE DE RES;;;;0.00
MCR001;CARNE HAMBURGUESA FRIDOSA;PAQ. 6*24;;UND;3.42
MCR002;CARNE  DE SEGUNDA;GRANEL;;KG;35.00
MCR005;CARNE MOLIDA DE PRIMERA;GRANEL;;KG;35.00
MCR010;CARNE MOLIDA DE SEGUNDA;GRANEL;;KG;28.00
MCR015;CHARKE DE RES;LONJAS;;KG;35.00
MCR020;CHULETA DE RES;PIEZA;;KG;29.00
MCR025;COSTILLA DE RES;PIEZA;;KG;24.00
MCR030;CUADRIL;PIEZA;;KG;42.00
MCR035;ENTRAÑA;PIEZA;;KG;27.00
MCR040;HIGADO;PIEZA;;KG;16.00
MCR045;HUESO BLANCO;PIEZA;;KG;5.00
MCR049;POLLERITA;PIEZA;;KG;24.00
MCR050;KAWI;PIEZA;;KG;25.00
MCR055;LOMO TUBO;PIEZA;;KG;52.00
MCR060;PANZA;PIEZA;;KG;24.00
MCR065;PANSA COCIDA;PIEZA;;KG;15.06
MCR070;PESETO;PIEZA;;KG;39.00
MCR075;PICAÑA PUNTA DE S;PIEZA;;KG;40.00
MCR080;PULPA DE CARNE;PIEZA;;KG;34.00
MCR090;TIRA;PIEZA;;KG;25.00
MCR091;RAPI;PIEZA;;KG;26.00
MP;MATERIA PRIMA;;;;0.00
MPA;MATERIA PRIMA GRASAS Y ACEITES;;;;0.00
MPA001;ACEITE COMESTIBLE;TAMBOR DE 200 LT;;LTS;9.50
MPA002;ACEITE DE OLIVA;ENVASE 5 LT;;UND;240.00
MPA003;ACEITE DE OLIVA;ENVASE 2 LT;;UND;100.00
MPA004;ACEITE DE OLIVA EXTRA VIRGEN;ENVASE 1 LT;;UND;56.50
MPA005;ACEITE DE OLIVA EXTRA VIRGEN;ENVASE 500 ML;;UND;21.00
MPA006;MANTECA KARINA;CAJA 15 KG;;KG;16.80
MPA007;MARGARINA REGIA S/SAL;CAJA 10 KG;;KG;16.90
MPA008;ACEITE DE OLIVA  CARBONELL;BOTELLA 250 ML;;UND;25.28
MPA009;ACEITE BALSAMICO;BOTELLA 1 LTS;;UND;25.50
MPA010;ACEITE COMESTIBLE;BIDON DE 20 LTS;;LTS;11.25
MPA011;FILETE LOMOP/ BEIRUT;BOLSA C/5 UND;;KG;40.00
MPA012;CAVIAR NEGRO;ENVASE 57 GR;;UND;51.00
MPA013;CAVIAR ROJO;ENVASE 57 GR;;UND;51.00
MPA014;ACEITE BALSAMICO;ENVASE 250 ML;;UND;13.80
MPC;MATERIA PRIMA MIES CEREALES;;;;0.00
MPC001;AJONJOLI;BOLSA;;KG;43.00
MPC004;ABA;GRANEL;;KG;5.31
MPC005;ALMENDRA PARTIDA;BOLSA;;KG;37.00
MPC009;ALVERJA;GRANEL;;KG;11.66
MPC010;ARROZ GRANO DE ORO;QUINTAL 46 KG;;KG;10.90
MPC014;ARROZ SUPER ECONOMICO;BOLSA DE 1 KL;;KG;8.70
MPC015;ARROZ DE PRIMERA;QUINTAL 46 KG;;KG;7.17
MPC019;ARROZ P/ BOTECO;QUINTAL 46 KG;;KG;8.04
MPC020;AVENA;GRANEL;;KG;8.00
MPC024;FREJOL ROJO;GRANEL;;KG;14.00
MPC025;LENTEJA;GRANEL;;KG;12.00
MPC030;MANI CRUDO;GRANEL;;KG;18.78
MPC035;POROTO NEGRO;GRANEL;;KG;11.77
MPC040;POROTO CARIOCA;GRANEL;;KG;11.11
MPC045;QUINUA;BOLSA 800 GR;;KG;67.00
MPC048;URUCU;GRANEL;;KG;20.00
MPC049;QUINUA AGRANEL;GRANEL;;KG;29.00
MPC050;TRIGO;BOLSA 800 GR;;GR;11.43
MPE;MATERIA ENVASADOS Y CONSERVAS;;;;0.00
MPE001;ACEITUNA VERDE MEDIANO;ENVASE 300 GR;;UND;6.91
MPE003;ACEITUNA VERDE;ENVASE 400 GR;;UND;16.00
MPE004;ACEITUNA VERDE;ENVASE 850 GR;;UND;17.40
MPE005;AJI EN VAINA AMARILLO;GRANEL;;KG;22.22
MPE009;ANCHOAS ROLANDS;FRASCO 90 GRS;;UND;33.00
MPE010;AJI PICANTE AMARILLO;BOLSA 1 KG;;UND;29.00
MPE015;AJI COLORANTE ROJO;BOLSA 1 KG;;UND;20.00
MPE020;AJI EN VAINA ROJO;GRANEL;;KG;30.00
MPE025;AJI PICANTE ROJO;BOLSA 1 KG;;UND;29.00
MPE030;AJINOMOTO;BOLSA 1 KG;;UND;20.00
MPE035;AJO EN DIENTE;GRANEL;;KG;20.00
MPE039;AJO CHIU MOLIDO;POTE;;UND;2.00
MPE040;AJO MOLIDO;BOLSA 1 KG;;KG;57.00
MPE045;AJO PELADO;GRANEL;;KG;50.00
MPE049;API;BOLSA 50 UND;;UND;1.00
MPE050;ALCAPARRA FRAGATA;ENVASE 99 GR;;UND;10.00
MPE054;ALCAPARRA FRAGATA;ENVASE 350 GR;;UND;38.00
MPE055;ANTIMOHO;BOLSA 1 KG;;UND;34.00
MPE060;ATUN VAN CAMPS AL ACEITE;LATA 184 GR;;UND;11.99
MPE065;ATUN VAN CAMPS AL AGUA;LATA 184 GR;;UND;13.70
MPE070;AZUCAR;SACHET;;UND;0.19
MPE071;AZUCAR AGRANEL;BOLSA DE 1 KL;;KL;4.13
MPE075;AZUCAR DIETETICO;SACHET;;UND;0.16
MPE080;AZUCAR IMPALPABLE;BOLSA 1 KG;;UND;12.50
MPE085;AZUCAR MORENA;BOLSA 1 KG;;UND;12.00
MPE090;AZUCAR MORENA;SACHET;;UND;0.13
MPE095;BICARBONATO;SOBRE 20 GR;;UND;1.00
MPE100;CAFE EN GRANO;BOLSA 2.5KG;;UND;232.00
MPE105;CAFE PERSONAL;BOLSA;;KG;28.00
MPE110;CALDO DE CARNE;PAQUETE 24 UND;;UND;1.00
MPE115;CALDO DE COSTILLA;PAQUETE 24 UND;;UND;0.88
MPE119;CALDO DE VERDURAS;PAQUETE 24 UND;;UND;1.04
MPE120;CALDO DE GALLINA;PAQUETE 24 UND;;UND;1.00
MPE125;CANELA EN BARRA;GRANEL;;KG;111.12
MPE130;CANELA EN POLVO;GRANEL;;KG;150.00
MPE131;CANELA MOLIDA COCINERO;BOTE 0.65 GR;;UND;14.50
MPE135;CARNE SECA;PIEZA;;KG;45.00
MPE140;CEBOLLITAS P/COCKTEL;FRASCO 345 GR;;KG;14.00
MPE145;COCO RALLADO;BOLSA 1 KG;;UND;50.00
MPE149;COLORANTE ROJO;GRANEL;;KG;12.00
MPE150;COCOA CELINDA;BOLSA 160 GR;;UND;12.73
MPE155;COCOA PITTER;BOLSA 160 GR;;UND;12.73
MPE160;COLORANTE PIMENTON;ENVASE 250 ML;;UND;15.00
MPE165;COLORANTE VEGETAL AMARILLO;GRANEL;;KG;10.00
MPE170;COMINO MOLINO;GRANEL;;KG;90.00
MPE172;CONDIMENTO LEMON PEPPER;BOLSA 50 GR;;UND;94.00
MPE175;CORN FLAKES;CAJA 500 GR;;UND;26.60
MPE180;CREMA DE LECHE;LATA 300 GR;;UND;14.18
MPE185;CURCUMA EN POLVO;GRANEL;;KG;19.61
MPE190;CURRY POWDER;ENVASE 453 GR;;UND;43.30
MPE191;CURRYEN POLVO BADIA;BOTE 400GR;;UND;45.00
MPE192;CURRYEN POLVO BADIA;BOTE 198 GR;;UND;24.20
MPE195;CHAMPIÑONES;LATA 227 GR;;UND;20.50
MPE200;CHAMPIÑONES;LATA 400 GR;;UND;10.00
MPE205;CHAMPIÑONES FRESCOS;BANDEJA 200 GR;;UND;19.20
MPE209;CHERRY ROJO PEQUEÑO;FRASCO 250 GR;;UND;19.50
MPE210;CHERRY ROJO;FRASCO 1.20 KG;;UND;52.26
MPE215;CHERRY VERDE PEQUEÑO;FRASCO 250 GR;;UND;26.13
MPE220;CHERRY VERDE GRANDE;FRASCO 1.20 KG;;UND;55.00
MPE225;CHOCOLATE GRANULADO;BOLSA 50 GR;;UND;15.00
MPE230;CHOCOLATE GRANULADO;BOLSA 1 KG;;UND;24.00
MPE231;CHOCOLATE NUTRIMAX;BOLSA 1 KG;;UND;57.75
MPE235;CHOCOLATE MEDIO AMARGO;BARRA 1 KG;;UND;33.00
MPE240;CHOCOLATE TODDY;CAJA 2 KG;;UND;79.50
MPE245;DURAZNO AL JUGO;LATA 820 GR;;UND;15.00
MPE250;EDULCORANTE DIETETICO;ENVASE 180 ML;;UND;10.33
MPE255;ESENCIA DE VAINILLA;BOTELLA 115 ML;;UND;6.00
MPE260;ESPARRAGO;GRANEL;;KG;40.00
MPE265;ESPARRAGO;FRASCO;;UND;37.12
MPE270;EXTRACTO DE TOMATE;BOTE 140 GR;;UND;3.36
MPE272;FUNGI HONGOS SECOS SCHAMI;BOLSITA DE 100 GR;;KG;130.00
MPE274;FUNGI HONGOS SECOS;BOLSITA DE 60 GR;;KG;208.33
MPE275;GALLETAS MAIZENA;PAQ. 140 GR;;UND;2.50
MPE280;GALLETAS MARIA;PAQ. 90 GR;;UND;1.17
MPE285;GALLETA OREO;BOLSA 36 GR;;UND;1.33
MPE289;GALLETA CHAMPANHE;CAJA DE 150 GR;;UND;15.34
MPE290;GELATINA CON SABOR;BOLSA 1 KG;;UND;20.17
MPE295;GELATINA SIN SABOR;BOLSA 1 KG;;UND;110.00
MPE296;HARINA SELECTA;BOLSA DE 1 KILO;;UND;7.00
MPE299;HARINA P/ PANCAKE;BOLSA 1 KL;;UND;37.80
MPE300;HIERBA FINAS;BOLSA 250 GR;;UND;112.00
MPE305;HOJAS DE LAUREL;BOLSA;;UND;60.00
MPE310;HONGOS SECOS;BOLSA 120 GR;;UND;14.50
MPE315;JALEA DE FRESA;BOTE;;UND;18.00
MPE320;JUGO DE TOMATE V8;LATA 163 ML;;UND;9.45
MPE321;JUGO DE TOMATE V8;BOTELLA 354 ML;;UND;24.36
MPE325;KETCHUP;GALON 4 KG;;UND;34.00
MPE330;KETCHUP;ENVASE 1KG;;UND;15.90
MPE335;KETCHUP;SACHET 10 CM3;;UND;0.16
MPE340;LECHE CONDENSADA;LATA 395 GR;;UND;10.50
MPE345;LECHE DE COCO;BOTELLA 500 ML;;UND;21.05
MPE350;LECHE DE COCO;BOTELLA 200 ML;;UND;10.00
MPE355;LECHE DE COCO;LATA 414 ML;;UND;13.05
MPE359;LECHE TREBOL;CAJA 1 LTS;;UND;7.00
MPE360;LECHE EVAPORADA;LATA 400 GR;;UND;10.80
MPE365;LEVADURA FRESCA;SOBRE;;UND;9.00
MPE370;LEVADURA INSTANTANEA;PAQ. 500 GR;;UND;22.05
MPE375;LINAZA;GRANEL;;KG;18.00
MPE378;MACARRAO YAKISOBA;BOLSA;;UND;22.00
MPE379;MAIZENA;CAJA 800 GR;;UND;14.00
MPE380;MANI SALADO;BOLSA 390 GR;;UND;15.80
MPE385;MANJAR DE LECHE;BOLSA 1 KG;;UND;28.50
MPE390;MATE DE ANIS;CAJA 100 UND;;UND;0.21
MPE395;MATE DE COCA;CAJA 100 UND;;UND;0.22
MPE400;MATE DE MANZANILLA;CAJA 100 UND;;UND;0.21
MPE401;MANTEQUILLA C/ SAL MARGARINA;;;UND;10.50
MPE405;MAYONESA;SACHET 2.755 GR;;UND;36.66
MPE410;MAYONESA;GALON 3 KG;;UND;65.00
MPE411;MAYONESA;BOLSA 1 KG;;UND;22.00
MPE415;MAYONESA;SACHET 10 CM3;;UND;0.21
MPE420;MEJORADOR DE MASA;BOLSA 5 KG;;UND;95.00
MPE423;MERMELADA DE FRUTILLA;ENVASE DE 25 GR;;UND;1.00
MPE424;MERMELADA DE FRESA GIGA;ENVASE 1 KG;;UND;20.00
MPE425;MERMELADA DE FRUTILLA;GALON 5 KG;;UND;99.00
MPE426;MERMELADA DE FRUTILLA;ENVASE 200 GRS;;UND;60.00
MPE429;MERMELADA DE GOIVADA;ENVASE 400 GRS;;UND;8.00
MPE430;MIEL DE CAÑA;BOTE 1000 ML;;UND;12.00
MPE435;MIEL DE MAPLE;BOTE 710 ML;;UND;32.50
MPE440;MOSTAZA;GALON 4 KG;;UND;50.40
MPE445;MOSTAZA;SACHET 2900 GR;;UND;27.80
MPE446;MOSTAZA ROLAND DIJON;ENVASE 286 GR;;UND;43.50
MPE450;MOSTAZA;SACHET 10 CM3;;UND;0.16
MPE455;NESCAFE;ENVASE 200 GR;;UND;34.80
MPE460;NUTELLA DE CHOCOLATE;ENVASE 371 GR;;UND;39.00
MPE464;NUECES;GRANEL;;KG;140.00
MPE465;OLEO  DE DENDE;FRASCO 100 ML;;UND;16.50
MPE466;OLEO DE DENDE;FRASCO 200 ML;;UND;15.60
MPE468;OLEO DE DENDE;ENVASE 900 GR;;UND;35.00
MPE469;OREGANO AGRANEL;GRANEL;;KG;174.20
MPE470;OREGANO;BOLSA 1 KG;;UND;59.00
MPE475;PALMITO;LATA 800 GR;;UND;21.20
MPE476;PANKO;BOLSA 200 GR;;UND;25.00
MPE480;PAPA FRITA CHIP;BOLSA 530 GR;;UND;26.50
MPE485;PAPA P/FRITAR PRECOCIDA (CONG);BOLSA 2.25 KG;;UND;36.63
MPE490;PAPA P/FRITAR PRECOCIDA (CONG);BOLSA 2.50 KG;;UND;36.63
MPE492;PAPRIKA;BOLSA 75 GRS;;UND;33.00
MPE493;PEPINILLO;ENVASE 225 GR;;UND;11.00
MPE494;PEPINILLO;ENVASE 370 GR;;UND;18.00
MPE495;PEPINILLO;SACHET 1 KG;;UND;15.30
MPE500;PEPINILLO;LATA 850 GR;;UND;19.80
MPE505;PIMIENTA;SACHET;;UND;0.24
MPE510;PIMIENTA BLANCA MOLIDA;GRANEL;;KG;167.30
MPE515;PIMIENTA BLANCA MOLIDA;BOTE 450 GR;;UND;83.98
MPE520;PIMIENTA NEGRA MOLIDA;GRANEL;;KG;85.00
MPE525;PIÑA AL JUGO;LATA 840 GR;;UND;13.25
MPE530;POLVO P/HORNEAR;BOLSA 1 KG;;UND;24.00
MPE535;PURE DE PAPAS;CAJA 250 GR;;UND;15.00
MPE540;PURE DE PAPAS;CAJA 125 GR;;UND;10.00
MPE545;RED PEPPER;BOTE 450 GR;;UND;36.00
MPE550;ROLAND LYCHEES;ENVASE 565 GR;;UND;27.90
MPE555;SAL;BOLSA 1 KG;;UND;1.62
MPE560;SAL;SACHET;;UND;0.30
MPE565;SAL PARRILLERA;ENVASE 750 GR;;KG;12.00
MPE569;SALSA BARBACOA BRIX;BOTE 350 GR;;UND;10.50
MPE570;SALSA BARBACOA;BOTE 300 GR;;UND;12.00
MPE575;SALSA DE TOMATE;BOTELLA;;UND;25.00
MPE580;SALSA INGLESA PEQUEÑA;BOTELLA 144 ML;;UND;21.00
MPE584;SALSA INGLESA GRANDE;BOTELLA 1 LT;;UND;19.99
MPE585;SALSA INGLESA GRANDE;BOTELLA 444 ML;;UND;54.20
MPE590;SALSA TABASCO ROJO;BOTELLA 60 ML;;UND;18.90
MPE595;SALSA TABASCO VERDE;BOTELLA 60 ML;;UND;15.00
MPE597;SALSA THAI CHILI;ENVASE 510 GR;;UND;29.00
MPE600;SALSA SOYA;ENVASE 5 LT;;BID;71.92
MPE604;STEVIA;ENVASE 250 GR;;UND;37.00
MPE605;SPRAY ANTIADERENTE;UNIDAD;;UND;45.00
MPE609;TE CHA VERDE YAMAMOTOYAMA;BOLSA 200 GR;;UND;53.00
MPE610;TE CLASICO;CAJA 100 UND;;UND;0.20
MPE614;TE C/ CANELA;CAJA 100 UND;;UND;0.17
MPE615;TE DE FRUTAS;BOLSA 50 UND;;UND;0.84
MPE620;TE VERDE CHAPARE;BOLSA 50 UND;;UND;0.42
MPE624;TOMATE SECO;ENVASE 400 GR;;UND;23.00
MPE625;TOMATE SECO;FRASCO 275 GR;;UND;30.00
MPE630;TRIMATE;CAJA 100 UND;;UND;0.22
MPE635;UVA PASA;BOLSA 1 KG;;UND;37.00
MPE640;VINAGRE BALSAMICO;ENVASE 250 ML;;UND;19.80
MPE645;VINAGRE BLANCO;BOTELLA 1.5 LT;;UND;4.67
MPE650;VINAGRE DE ALCOHOL;BOTELLA 1 LT;;UND;6.50
MPE655;VINAGRE DE JEREZ;BOTELLA 250 ML;;UND;21.99
MPE660;VINAGRE DE MANZANA;BOTELLA 1 LT;;UND;12.00
MPE661;VINAGRE TINTO;ENVASE 1 LTS;;UND;6.00
MPE662;VINAGRE DE VINO;BOTELLA 600 ML;;UND;13.50
MPF;MATERIA PRIMA FRUTAS FRESCAS;;;;0.00
MPF001;ACEITUNA NEGRA;GRANEL;;KG;29.70
MPF005;ACEITUNA VERDE;GRANEL;;KG;24.00
MPF007;COCO;GRANEL;;UND;7.00
MPF010;DURAZNO SECO;GRANEL;;KG;30.00
MPF015;FRAMBUESA;GRANEL;;KG;56.50
MPF020;FRUTILLA FRESCA 1ª;GRANEL;;KG;8.00
MPF025;FURTILLA FRESCA 2ª;GRANEL;;KG;10.00
MPF029;GUALELE;DOCENA;;KG;3.32
MPF030;KIWI;UNIDAD;;KG;18.75
MPF035;LIMA;UNIDAD;;KG;4.66
MPF040;LIMON;GRANEL;;KG;4.47
MPF045;MANDARINA;UNIDAD;;KG;2.60
MPF049;ma;GRANEL;;KG;11.60
MPF050;MANZANA VERDE;UNIDAD;;KG;12.50
MPF055;MARACUYA;GRANEL;;KG;7.97
MPF056;MELON;GRANEL;;KG;9.50
MPF060;NARANJA;UNIDAD;;KG;3.58
MPF065;PALTAS;UNIDAD;;KG;26.97
MPF070;PAPAYA;UNIDAD;;KG;4.28
MPF075;PIÑA;UNIDAD;;KG;5.22
MPF080;PLATANO;UNIDAD;;UND;0.50
MPF085;PLATANO DE FREIR;RACIMO;;KL;1.96
MPF087;SANDIA;GRANEL;;KG;3.50
MPF090;UVA NEGRA;RACIMO;;KG;31.90
MPG;MATERIA PRIMA GASES/DERIVADOS;;;;0.00
MPG001;ENCENDEDORES;UNIDAD;;UND;1.75
MPG002;FOSFORO;PAQ. 10 UND;;UND;3.50
MPG003;GAS CARBONICO;BOTELLON 8 KG;;UND;44.00
MPG004;GAS COCINA;GARRAFA 10 KG;;UND;22.50
MPG005;GAS BUTANO;ENVASE;;UND;22.00
MPG006;GAS SIFON P/CREMA;CAJA 10 UND;;UND;7.24
MPG007;REPUESTOS K-741 P/SIFON;PIEZA;;UND;25.00
MPG008;REPUESTOS K-742 P/SIFON;PIEZA;;UND;25.00
MPG009;REPUESTOS K-750 P/SIFON;PIEZA;;UND;25.00
MPH;MATERIA PRIMA HIELOS Y HELADOS;;;;0.00
MPH001;HELADO DE CHOCOLATE;CAJA 5 LITROS;;LTS;10.00
MPH002;HELADO DE FRUTILLA;CAJA 5 LITROS;;LTS;10.00
MPH003;HELADO DE VAINILLA;CAJA 5 LITROS;;LTS;10.00
MPH004;HIELO;BOLSA 4.5 KG;;UND;5.00
MPH005;HIELO EN BARRA;BARRA;;UND;10.00
MPH006;HIELO ORIENTAL CUBO;BOLSA 5 KL;;UND;6.00
MPI;INSUMOS IMPORTADOS/VARIOS;;;;0.00
MPI001;AJO FRITO IMP.;BOLSA 750 GR;;UND;56.00
MPI005;ALGAS MARINAS YAKINORI;BOLSA 140 GR (50 HOJAS);;UND;68.00
MPI010;ARROZ KANDA;BOLSA 5 KG;;KG;22.00
MPI015;AZUMA MIRIN TOZAN SAKE;BOTELLA 740 ML;;UND;102.38
MPI019;CAFE EN GRANO IMPORTADO;BOLSA 1 KG;;KG;74.63
MPI020;CAFE NESPRESSO;SACHET 10 GR;;UND;5.57
MPI025;CHOCOLATE EN POLVO NESTLE;CAJA 2 KG;;UND;252.00
MPI030;COBERTURA DE CHOCOLATE;ENVASE 1.3 KG;;UND;40.00
MPI031;COBERTURA DE CHOCOLATE;ENVASE 300 GR;;UND;17.80
MPI033;COBERTURA DE FRUTILLA;ENVASE 680 GR;;UND;30.50
MPI034;COBERTURA DE CHOCOLATE;ENVASE 680 GR;;UND;32.00
MPI035;FAROFA DE MANDIOCA;BOLSA 500 GR;;UND;10.00
MPI039;GERGELIM BLANCO;BOLSA DE 500 GR;;UND;18.00
MPI040;GERGELIM PRETO;BOLSA 1 KG;;UND;98.77
MPI045;GERGELIM PRETO;BOLSA 500 GR;;UND;18.30
MPI050;HONDASHI;SACHET 60 GR;;UND;20.00
MPI055;HONDASHI;BOLSA 500 GR;;UND;97.85
MPI060;LIMON ERVAS FINAS;BOLSA 500 GR;;UND;70.00
MPI065;MASA DE SOYA- MISOSHIRO;BOLSA 1 KG;;KG;40.88
MPI070;MASA DE SOYA- MISOSHIRO;BOLSA 500 GR;;KG;22.00
MPI075;OHASHIS;UNIDAD;;UND;0.28
MPI079;OSHIBORIS;CAJA;;UND;0.55
MPI080;OLEO DE GERGELIM;BOTELLA 1 LT;;LTS;79.00
MPI085;OREGANO;BOLSA 60 GR;;UND;8.40
MPI090;PALITOS PARA PACUMUTOS;UNIDAD;;UND;0.10
MPI095;SALSA SOYA TOZAN PREMIUM;ENVASE 5 LT;;BID;188.00
MPI096;SALSA SOYA TOZAN  DE MESA;ENVASE 5 LT;;BID;119.60
MPI100;SALSA SOYA SACHET;CAJA 200 SACHET;;UND;1.36
MPI105;SHITAKE (HONGOS SECOS);BOLSA 500 GR;;UND;236.00
MPI110;TEMPERO PARA SUSHI-TOZAN;BIDON 5 LT;;BID;34.65
MPI115;TEMPERO PARA SUSHI- TOZAN;ENVASE 750 ML;;UND;4.33
MPI120;TOALLAS HIGIENICAS P/MANOS;CAJA;;UND;0.54
MPI125;WASABI POWDER;BOLSA 1 KG;;UND;150.00
MPI126;WASABI POWDER;PQT 0.30 GR;;UND;18.00
MPL;MATERIA PRIMA LACTEOS Y DERIV.;;;;0.00
MPL001;CREMA DE LECHE;BOLSA 1 LT;;UND;24.00
MPL005;CREMA DE LECHE;BOLSA 450 ML;;UND;9.20
MPL010;LECHE NATURAL;BOLSA 946 ML;;UND;4.10
MPL015;MANTEQUILLA BLISTER C/S;SACHET 10 GR;;UND;0.85
MPL020;MANTEQUILLA PIL S/SAL;PAQUETE 200 GR;;UND;9.30
MPL025;MANTEQUILLA PIL C/SAL;PAQUETE 200 GR;;UND;8.99
MPL026;MANTEQUILLA PIL C/SAL;ENVASE 450 GRS;;UND;10.50
MPL030;NATA;GRANEL;;KG;110.34
MPL035;QUESILLO;UNIDAD;;UND;2.50
MPL040;QUESO BRIE;CAJA 180 ML;;UND;29.44
MPL041;QUESO BRIE TRIANGULAR;UNIDAD;;UND;19.10
MPL045;QUESO CREMA BOUNLE;BOTE 200 GR;;UND;12.50
MPL050;QUESO DAMBO;HORMA 4 KG;;KG;58.00
MPL055;QUESO FRESCO SAN JAVIER;GRANEL;;KG;26.00
MPL060;QUESO MENONITA;MOLDE;;KG;29.00
MPL065;QUESO MUZARELLA;MOLDE;;KG;44.00
MPL069;QUESO MUZARELLA BUFALA;MOLDE;;KG;78.00
MPL070;QUESO PHILADELPHIA;PAQ. 226 GR;;UND;23.81
MPL074;QUESO  PARMESANO EN HORMA;MOLDE;;KG;88.00
MPL075;QUESO RALLADO PARMESANO;SACHET 40 GR;;UND;7.60
MPL076;QUESO RALLADO REGIANITO;SACHET 150 GR;;UND;19.22
MPL078;QUESO ROQUEFORT;GRANEL;;KG;125.00
MPL079;QUESO RALLADO PARMESANO;SACHET 120 GR;;UND;20.20
MPL080;QUESO RICOTA;UNIDAD;;KG;27.50
MPL085;QUESO REGGIANITTO;HORMA;;UND;105.46
MPP;MATERIA PRIMA PANES;;;;0.00
MPP001;PAN INTEGRAL;BOLSA 10 LONJAS;;UND;6.00
MPP002;PAN MIGA;BOLSA 13 LONJAS;;UND;11.20
MPP003;PAN MIGA;BOLSA 9 LONJAS;;UND;15.00
MPS;MATERIA PRIMA SECOS HARINOSOS;;;;0.00
MPS001;ALMIDON DE YUCA;SACO 25 KG;;KG;7.20
MPS005;AZUCAR;QUINTAL 46 KG;;KG;4.13
MPS010;CLAVO DE HOLOR;BOLSA 1 KG;;KG;46.67
MPS014;HARINA PRINCESA;BOLSA 1 KG;;KG;7.60
MPS015;HARINA;SACO 50 KG;;KG;7.60
MPS019;HARINA FAMOSA;QUINTAL 45 KL;;KG;5.60
MPS020;MAIZENA;SACO 25 KG;;KG;6.40
MPS025;SALVADO DE TRIGO;SACO 25 KG;;KG;4.00
MPS030;TUJURE;GRANEL;;KG;12.00
MPT;MATERIA PRIMA TALLARINES/PASTA;;;;0.00
MPT001;FIDEO DE ARROZ TRANSPARENTE;PAQUETE 500 GR;;UND;30.00
MPT002;FIDEO P/PERSONAL;GRANEL;;KG;7.48
MPT003;LASAGÑA;PAQ. 500 GR;;UND;12.60
MPT004;FIDEO SPAGGETTY 0.400 GR;UNIDAD;;UND;6.75
MPT005;FIDEO TRICOLOR;PAQUETE;;PQT;11.00
MPV;MATERIA PRIMA VERDURAS;;;;0.00
MPV001;ACELGA;GRANEL;;KG;6.40
MPV005;ACHOSCHA;GRANEL;;KG;3.92
MPV010;ALBAHACA;GRANEL;;KG;13.33
MPV015;APIO;GRANEL;;KG;3.55
MPV020;ARUGULA;BOLSA 110 GR;;UND;12.60
MPV025;ARVEJA;GRANEL;;KG;6.13
MPV030;ARVEJA PELADA;GRANEL;;KG;10.33
MPV035;BERENJENA;GRANEL;;KG;5.71
MPV040;BETERRAGA;GRANEL;;KG;2.73
MPV045;BROCOLI;GRANEL;;KG;9.52
MPV046;CALABACIN;GRANEL;;KG;8.20
MPV050;CAMOTE;GRANEL;;KG;9.00
MPV055;CAROTE;GRANEL;;KG;1.81
MPV060;CEBADA;GRANEL;;KG;22.22
MPV065;CEBOLLA BEBE;GRANEL;;KG;4.00
MPV070;CEBOLLA BLANCA;GRANEL;;KG;4.79
MPV075;CEBOLLA ROJA;GRANEL;;KG;1.57
MPV080;CEBOLLA VERDE;GRANEL;;KG;3.93
MPV085;CEBOLLIN;AMARRO;;KG;12.08
MPV089;CHAMPIÑONES AVIGNON;GRANEL;;KG;115.20
MPV090;CHOCLO;GRANEL;;KG;6.12
MPV095;CHUÑO;GRANEL;;KG;22.00
MPV099;CHUÑO BLANCO;GRANEL;;KG;18.00
MPV100;CILANDRO;GRANEL;;KG;18.40
MPV105;COLIFLOR;GRANEL;;KG;7.94
MPV109;ESPARRAGOS AGRANEL;GRANEL;;KG;40.00
MPV110;ESPINACA;GRANEL;;KG;4.35
MPV115;ESPINACA;BOLSA 200 GR;;UND;6.83
MPV120;HABA;GRANEL;;KG;3.04
MPV125;HABA SECA;GRANEL;;KG;8.34
MPV130;HIERBA BUENA;GRANEL;;KG;8.30
MPV135;HOJAS DE LAUREL;GRANEL;;KG;78.30
MPV140;HUILCAPARU;GRANEL;;KG;30.00
MPV145;JENGIBRE;GRANEL;;KG;10.36
MPV150;LECHUGA AMERICANA;GRANEL;;KG;9.23
MPV155;LECHUGA BEBE;BOLSA 420 GR;;UND;6.80
MPV160;LECHUGA CRESPA;GRANEL;;KG;8.68
MPV165;LECHUGA P/PERSONAL;GRANEL;;KG;3.95
MPV169;LECHUGA ROMANA;GRANEL;;KG;21.55
MPV170;LECHUGA ROMANA DESHOJADA;BOLSA;;UND;6.80
MPV175;LOCOTO;GRANEL;;KG;7.87
MPV180;MANZANILLA;GRANEL;;KG;13.90
MPV185;MOTE;GRANEL;;KG;3.45
MPV190;OCA;GRANEL;;KG;2.76
MPV195;PAPA HOLANDESA;GRANEL;;KG;3.11
MPV199;PAPA HARINOZA;GRANEL;;KG;3.42
MPV200;PAPA IMILLA;GRANEL;;KG;4.86
MPV205;PAPALIZA;GRANEL;;KG;7.37
MPV210;PEPINO;GRANEL;;KG;2.08
MPV215;PEPINO JAPONES;UNIDAD;;KG;2.68
MPV220;PEREJIL;GRANEL;;KG;8.12
MPV225;PIMENTON ROJO;GRANEL;;KG;24.69
MPV230;PIMENTON VERDE;GRANEL;;KG;5.00
MPV235;PUERRO;GRANEL;;KG;3.70
MPV240;QUILQUIÑA;GRANEL;;KG;15.00
MPV245;RABANO;GRANEL;;KG;4.65
MPV249;REMOLACHA;GRANEL;;KG;1.42
MPV250;REPOLLO BLANCO;GRANEL;;KG;1.01
MPV255;SOYA;GRANEL;;KG;12.00
MPV260;TOMATE CHERRY;GRANEL;;KG;8.70
MPV265;TOMATE MANZANA;GRANEL;;KG;4.00
MPV270;TOMATE PINTON;GRANEL;;KG;6.98
MPV275;TOMILLO SECO;GRANEL;;KG;30.00
MPV280;TORONJIL;GRANEL;;KG;15.00
MPV285;VAINITAS;GRANEL;;KG;5.99
MPV290;WILKAPARU;GRANEL;;KG;10.53
MPV295;YUCA;GRANEL;;KG;5.06
MPV300;ZANAHORIA;GRANEL;;KG;4.27
MPV305;ZAPALLO;GRANEL;;KG;2.86
MVE;MATERIAL VARIOS DE ESCRITORIO;;;;0.00
MVE001;ARCHIVADORES DE PALANCA;UNIDAD OFICIO;;UND;18.50
MVE005;ARCHIVADORES DE PALANCA;UNIDA 1/2 LOMO;;UND;18.00
MVE008;BANDEJAS DE ESCRITORIO;UNIDAD;;UND;40.00
MVE010;BOLIGRAFOS FABER CASTELL;CAJA 50 UND;;UND;0.95
MVE015;BOLIGRAFOS PILOT;CAJA 12 UND;;UND;5.42
MVE020;BORRADORES;UNIDAD;;UND;1.50
MVE025;CALCULADORA;UNIDAD;;UND;45.00
MVE030;CARTULINA TAMAÑO OFICIO;UNIDAD;;UND;0.25
MVE034;CINTA BLANCA MASKIN;UNIDAD;;UND;8.00
MVE035;CIERRES DE CAJA;BLOCK;;UND;9.00
MVE039;CINTA BLANCA MASKIN ( ANCHA );UNIDAD;;UND;12.00
MVE040;CINTA DE CREDENCIAL;UNIDAD;;UND;5.00
MVE045;CINTA DE CALCULADORA PEQUEÑA;CARRO PEQUEÑO;;UND;9.00
MVE050;CINTA DE EMBALAGE GRUESO;UNIDAD;;UND;9.17
MVE055;CINTA DE IMPRESORA LQ-2090;CARRO LARGO;;UND;198.00
MVE060;CINTA DE IMPRESORA ERC-38;CARRO PEQUEÑO;;UND;24.15
MVE065;CINTA P/FECHADOR;UNIDAD;;UND;4.00
MVE070;CINTA SCOCH PEQUEÑO;UNIDAD;;UND;2.00
MVE075;CLIPS;CAJA;;UND;4.40
MVE076;CLIPS GRANDES;CAJA;;UND;10.00
MVE077;CLIPS MEDIANAS;CAJA;;UND;6.00
MVE080;CORRECTOR EN CINTA;UNIDAD;;UND;8.00
MVE085;CORRECTOR LIQUIDO;UNIDAD;;UND;4.50
MVE089;CUADERNO EMPASTADO;UNIDAD;;UND;22.00
MVE090;CUADERNO CARTA;UNIDAD;;UND;22.00
MVE095;CUADERNO PEQUEÑO;UNIDAD;;UND;12.00
MVE100;CUADERNO OFICIO;UNIDAD;;UND;24.00
MVE105;ENGRAMPADRORA;UNIDAD;;UND;80.00
MVE110;ESTILETES;UNIDAD;;UND;20.00
MVE115;ESPONJEROS;UNIDAD;;UND;10.00
MVE120;ETIQUETAS BLANCAS PIMACO;UNIDAD;;UND;20.00
MVE125;ETIQUETAS P/EMBALAJE BRAZILIAN;UNIDAD;;UND;0.10
MVE130;EXFOLIADORES;UNIDAD;;UND;19.00
MVE135;FOLDER AMARILLOS;UNIDAD;;UND;1.00
MVE136;FUNDAS PLASTICAS;TAMAÑO OFICIO;;UND;0.85
MVE137;FUNDAS PLASTICAS;TAMAÑO A4;;UND;0.85
MVE140;GRAMPAS 24/60;UNIDAD;;UND;2.80
MVE144;GRAMPAS 26/6;UNIDAD;;UND;1.80
MVE145;GUILLETE;CAJA 5 UND;;UND;10.00
MVE150;HOJAS BOND CARTA;PAQ. 500 HOJAS;;UND;0.06
MVE155;HOJAS BOND OFICIO;PAQ. 500 HOJAS;;UND;0.07
MVE160;HOJAS DE COLOR;UNIDAD;;UND;0.20
MVE165;LAPIZ BI COLORES;UNIDAD;;UND;6.00
MVE170;LAPIZ NEGRO;UNIDAD;;UND;1.75
MVE174;LIBRO DE ASISTENCIA;UNIDAD;;UND;20.00
MVE175;LAPIZ PORTAMINAS;UNIDAD;;UND;12.00
MVE180;LINTERNA;UNIDAD;;UND;67.00
MVE185;MARCADORES DELGADOS;UNIDAD;;UND;1.00
MVE190;MARCADORES GRUESOS;UNIDAD;;UND;2.30
MVE195;MARCADORES P/CD;UNIDAD;;UND;3.00
MVE200;MINAS;UNIDAD;;UND;9.00
MVE205;NEPACOS;UNIDAD;;UND;0.40
MVE210;NOTAS DE ENTREGA;UNIDAD;;UND;8.00
MVE212;PAPEL ALUMINIO GRANDE;UNIDAD;;UND;11.00
MVE214;PAPEL ALUMINIO MEDIANO;UNIDAD;;UND;9.00
MVE215;PAPEL BOND DE COLORES;UNIDAD;;UND;0.20
MVE220;PAPEL CARBONICO;LAMINA;;UND;1.00
MVE225;PAPEL FAX;UNIDAD;;UND;16.00
MVE230;PAPEL IMPRESORA 75-70-13;ROLLO S/COPIA;;UND;8.40
MVE235;PAPEL IMPRESORA 75-76-13;ROLLO C/COPIA;;UND;13.00
MVE240;PAPEL IMPRESORA CONTINUO;CROQUELADO C/COPIA;;CJA;445.00
MVE245;PAPEL IMPRESORA CONTINUO;CROQUELADO S/COPIA;;CJA;260.00
MVE249;PAPEL SABANA;PLIEGO;;UND;0.60
MVE250;PAPEL MEMBRETADO;UNIDAD;;UND;0.18
MVE255;PEGAMENTO LA GOTITA;UNIDAD;;UND;6.00
MVE260;PEGAMENTO UHU 36*30*8;UNIDAD PEQUEÑA;;UND;6.31
MVE265;PERFORADORA;UNIDAD;;UND;75.00
MVE266;PILAS AA;CAJA 2 UNIDADES;;UND;3.00
MVE267;PLANCHETA;UNIDAD;;UND;15.00
MVE268;PIZARRA BLANCA GRANDE;UNIDAD;;UND;240.00
MVE269;PILA AAA;CAJE 2 UNIDADES;;UND;10.00
MVE270;PORTAEXFOLIADORES;UNIDAD;;UND;20.00
MVE275;PORTACREDENCIAL;UNIDAD;;UND;2.70
MVE280;PORTA SCOCH;UNIDAD;;UND;22.50
MVE281;POSTI MEDIANO;UNIDAD;;UND;6.00
MVE282;POSTI CHICO;UNIDAD;;UND;5.00
MVE285;RECIBOS;UNIDAD;;UND;5.50
MVE290;REGLAS;UNIDAD;;UND;4.00
MVE295;RESALTADORES;UNIDAD;;UND;3.75
MVE300;SACAGRAMPAS;UNIDAD;;UND;4.00
MVE305;SOBRES BLANCOS;UNIDAD;;UND;0.22
MVE310;SOBRES MANILA CARTA;UNIDAD;;UND;0.40
MVE315;SOBRES MANILA GRANDE;UNIDAD;;UND;1.00
MVE320;SOBRES MANILA MEDIO OFICIO;UNIDAD;;UND;0.45
MVE325;SOBRES MANILA OFICIO;UNIDAD;;UND;0.50
MVE330;SOBRES MEMBRETADOS;UNIDAD;;UND;0.53
MVE335;TAJADORES;UNIDAD;;UND;1.50
MVE340;TIJERAS MEDIANAS;UNIDAD;;UND;15.00
MVE345;TINTA P/TAMPO;UNIDAD;;UND;14.00
P;PRODUCTOS;;;;0.00
PB;PRODUCTOS BEBIDAS;;;;0.00
PBA;PRODUCTOS BEBIDAS AGUAS;;;;0.00
PBA000;AGUA MINERAL C/GAS;BOTELLA 2 LTS;;UND;4.70
PBA001;AGUA MINERAL C/GAS;BOTELLA 600 CC;;UND;3.00
PBA002;AGUA MINERAL S/GAS;BOTELLA 600 CC;;UND;3.00
PBA003;AGUA MINERAL S/GAS;BOTELLON 20LT;;UND;10.00
PBA004;AGUA TONICA CANADA DRY;ENVASE 355 CC;;UND;5.90
PBA005;AGUA TONICA CANADA DRY;BOTELLA 1 LT;;UND;15.00
PBA006;AGUA TONICA MENDOCINA;BOTELLA  1 LT;;UND;6.00
PBA007;AGUA TONICA MENDOCINA;BOTELLA 330 C.C;;UND;1.56
PBA008;AGUA C/GAS VOSS SPARKLING;BOTELLA 375 C.C;;UND;17.00
PBA009;AGUA S/GAS VOSS STILL;BOTELLA 375 C.C;;UND;17.00
PBC;PRODUCTOS BEBIDAS CERVEZAS;;;;0.00
PBC001;CERVEZA BOCK;BOTELLA 300 CC;;UND;6.08
PBC005;CERVEZA BUDWEISER;BOTELLA 330 CC;;UND;10.04
PBC010;CERVEZA CORONA;BOTELLA 355 CC;;UND;10.00
PBC015;CERVEZA HUARI;BOTELLA 330 CC;;UND;8.70
PBC020;CERVEZA PACEÑA BLACK;BOTELLA 350 CC;;UND;8.29
PBC025;CERVEZA PACEÑA ICE;BOTELLA 300 CC;;UND;7.38
PBC030;CERVEZA PACEÑA PICO DE PLATA;BOTELLA 300 CC;;UND;6.08
PBC035;CERVEZA PACEÑA PICO ORO;BOTELLA 350 CC;;UND;7.38
PBC040;CERVEZA STELLA ARTOIS;BOTELLA 330 CC;;UND;10.83
PBC042;CERVEZA TURRIL;TURRIL DE 50 LTS;;UND;724.00
PBC045;CERVEZA TAQUIÑA;BOTELLA 300 CC;;UND;6.52
PBC050;CERVEZA TAQUIÑA;BARRIL 50 LT;;UND;689.01
PBE;PRODUCTOS BEBIDAS;;;;0.00
PBE000;COÑAC REMY MARTIN;BOTELLA 700 ML;;UND;506.20
PBE001;AROMATIC BITTER;BOTE 125 CC;;UND;13.00
PBE002;COGÑAC COURVOSIER TRES ESTR.;BOTELLA 700 ML;;UND;270.00
PBE003;COÑAC TRES PALOS;BOTELLA 1 LT;;UND;60.00
PBE004;ESPUMANTE;BOTE 125 CC;;UND;6.30
PBE005;FERNET BRANCA;BOTELLA 750 ML;;UND;62.00
PBE006;FERNET MENTA;BOTELLA 750 ML;;UND;62.00
PBE007;GIN BEEFEATER;BOTELLA 1 LT;;UND;150.00
PBE008;GIN DRY BOLS;BOTELLA 1 LT;;UND;35.00
PBE009;GIN TANQUERAY;BOTELLA 750 ML;;UND;120.00
PBE010;GIN TANQUERAY;BOTELLA 1 LT;;UND;116.70
PBE011;LARIOS GIN;BOTELLA 1 LT;;UND;87.50
PBE012;PISCO CAPEL;BOTELLA 750ML;;UND;30.00
PBE013;REDBULL;LATA 250 CC;;UND;12.32
PBE014;FERNET BRANCA MINI;BOTELLA 0.50 ML;;UND;8.00
PBE015;FERNET CINZANO;BOTELLA 150 ML;;UND;60.66
PBE016;FERNET 1882;BOTELLA 750 ML;;UND;48.00
PBE018;GIN LA REPUBLICA;BOTELLA 1 LT;;UND;110.00
PBG;PRODUCTOS BEBIDAS GASEOSAS;;;;0.00
PBG001;JARABE COCA COLA;SACHET 19  LT;;UND;472.87
PBG005;JARABE FANTA;SACHET 10 LT;;UND;235.90
PBG010;JARABE SPRITE;SACHET 10 LT;;UND;286.04
PBG015;GINGER ALE;BOTELLA 1000 CC;;UND;4.50
PBG020;REFRESCO COCA COLA;BOTELLA 2 LT;;UND;7.74
PBG025;REFRESCO COCA COLA;BOTELLA 500 CC;;UND;3.75
PBG029;REFRESCO COCA COLA ZERO;BOTELLA 2 LT;;UND;8.34
PBG030;REFRESCO COCA COLA ZERO;BOTELLA 500 CC;;UND;3.75
PBG035;REFRESCO FANTA;BOTELLA 2 LT;;UND;9.00
PBG040;REFRESCO FANTA;BOTELLA 500 CC;;UND;4.50
PBG045;REFRESCO POMELO;BOTELLA 2 LT;;UND;7.00
PBG050;REFRESCO SPRITE;BOTELLA 2 LT;;UND;7.81
PBG055;REFRESCO SPRITE ZERO;BOTELLA 500 CC;;UND;4.05
PBG060;REFRESCO SPRITE;BOTELLA 500 CC;;UND;4.50
PBH;PRODUCTOS BEBIDAS CHAMPAGNE;;;;0.00
PBH001;CHAMPAGNE CHANDON DEMI SEC;BOTELLA 750 ML;;UND;35.00
PBH005;CHAMPAGNE CHANDON EXTRA BRUT;BOTELLA 700 ML;;UND;55.00
PBH010;CHAMPAGNE CHANDON EXTRA BRUT;BOTELLA 187 ML;;UND;24.00
PBH015;CHAMPAGNE CHANDON MOET IMP.;BOTELLA 750 ML;;UND;457.00
PBH020;CHAMPAGNE CHANDON ROSE;BOTELLA 750 ML;;UND;89.00
PBH021;CHAMPAGNE DON PERIGNON BRUT;BOTELLA 750 ML;;UND;1,605.60
PBH025;CHAMPAGNE ECLAT DE PARIS;BOTELLA 750 ML;;UND;50.00
PBH026;CHAMPAGNE LAURENT PERR BRUT;BOTELLA 750 ML;;UND;497.36
PBH027;CHAMPAGNE LAURENT PERR C. ROS;BOTELLA 750 ML;;UND;852.60
PBH030;CHAMPAGNE LA MAISON;BOTELLA 750 ML;;UND;45.00
PBH034;CHAMPAGNE  MOET CHANDOM IMP.;BOTELLA 750 ML;;UND;440.00
PBH035;CHAMPAGNE MUMM EXTRA BRUT;BOTELLA 750 ML;;UND;69.00
PBH040;CHAMPAGNE MUMM DEMI SEC;BOTELLA 750 ML;;UND;69.00
PBH044;CHAMPAGNE MUN 187 ML;BOTELLA  175 ML;;UND;24.00
PBH045;CHAMPAGNE VEAVE CLICQUOT;BOTELLA 750 ML;;UND;470.00
PBH050;CHAMPAGNE ANDRE BRUT;BOTELLA 750 ML;;UND;48.00
PBH051;CHAMPAGNE ANDRE ROSE;BOTELLA 750 ML;;UND;48.00
PBJ;PRODUCTOS BEBIDAS JUGOS/CONC.;;;;0.00
PBJ001;CONCENTRADO DE LIMON- EL LIMON;BOTELLA 375 CC;;UND;6.00
PBJ005;CONCENTRADO DE MARACUYA;GALON 4.80 LT;;UND;109.00
PBJ010;JUGO DE CRAMBERRY;ENVASE 1.42 ML;;UND;39.90
PBJ012;JUGO DE CRAMBERRY;ENVASE 946 ML;;UND;25.00
PBJ013;JUGO DE CRAMBERRY;ENVASE 3.78 ML;;UND;29.90
PBJ014;JUGO DE CRAMBERRY;ENVASE 1.89 ML;;UND;49.60
PBJ015;JUGO DE PERA;BOTELLA 1 LT;;UND;10.60
PBJ020;JUGO DE PERA JUMEX;LATA 355 ML;;UND;5.30
PBJ025;JUGO DE PIÑA JUMEX;BOTELLA 1 LT;;UND;10.00
PBJ030;JUGO DE UVA JUMEX;BOTELL 1 LT;;UND;57.90
PBJ035;JUGO FRUT ALL DURAZNO;ENVASE 1 LT;;UND;6.40
PBJ040;JUGO FRUT ALL MANGO;ENVASE 1 LT;;UND;8.50
PBJ045;JUGO FRUT ALL MANZANA;ENVASE 1 LT;;UND;9.30
PBJ050;JUGO FRUT ALL NARANJA;ENVASE 1 LT;;UND;6.80
PBJ055;JUGO FRUT ALL PÌÑA;ENAVSE 1 LT;;UND;5.50
PBJ060;JUGO SPLASH PIÑA;BOTELLA 2 LT;;UND;10.00
PBJ065;JUGO TAMPICO NARANJA;BOTELLA 2 LT;;UND;7.40
PBJ066;JUGO TAMPICO 2.5 LTS;BOTELLA 2.5 LT;;UND;8.83
PBK;PRODUCTOS BEBIDAS VODKAS;;;;0.00
PBK001;MIKS ICE N4 CITRUS 27.5;BOTELLA 375.ML;;UND;14.30
PBK005;MIKS ICE N2 DURAZNO 27.5 CL;BOTELLA 375 ML;;UND;14.30
PBK010;MIKS ICE N1 FRESA/KIWI 27.5 C;BOTELLA 375 ML;;UND;14.30
PBK015;MIKS ICE N3 FRUTAS VERDES 27.5;BOTELLA 375 ML;;UND;14.30
PBK020;MIKS ICE N5 LIMON/GENJIBRE 27;BOTELLA 375 ML;;UND;14.30
PBK025;VODKA ABSOLUT;BOTELLA 1 LT;;UND;134.00
PBK029;VODKA ABSOLUT MINI;BOTELLA 0.50 ML;;UND;5.00
PBK030;VODKA ABSOLUT CITRON;BOTELLA 1 LT;;UND;132.00
PBK032;VODKA CIROC;BOTELLA 1 LT;;UND;280.00
PBK035;VODKA  LEVEL;BOTELLA 1 LT;;UND;230.00
PBK040;VODKA ABSOLUT MANDARINA;BOTELLA 1 LT;;UND;132.00
PBK045;VODKA ABSOLUT PEARS;BOTELLA 1 LT;;UND;132.00
PBK050;VODKA ABSOLUT RASPBERRY;BOTELLA 1 LT;;UND;132.00
PBK055;VODKA ABSOLUT VAINILLA;BOTELLA 1 LT;;UND;132.00
PBK060;VODKA ABSOLUT 100;BOTELLA 1 LT;;UND;165.00
PBK064;VODKA BELVEDERE;BOTELLA 700 ML;;UND;225.00
PBK065;VODKA GREY GOOSE;BOTELLA 750 ML;;UND;210.00
PBK069;VODKA GREY GOOSE;BOTELLA  1 LT;;UND;240.00
PBK070;VODKA ICE BALADA 27.5 CL;BOTELLA 375 ML;;UND;0.00
PBK075;VODKA ICE LIMON 27.5 CL;BOTELLA 375 ML;;UND;0.00
PBK080;VODKA ICE MARACUYA  27.5;BOTELLA 375 ML;;UND;0.00
PBK085;VODKA ICE KIWI 27.50 CL;BOTELLA 375 ML;;UND;0.00
PBK090;VODKA SKY;BOTELLA 1 LT;;UND;103.80
PBK095;VODKA SKY;BOTELLA 90/75 CL;;UND;250.00
PBK100;VODKA SKY;BOTELLA 750 ML;;UND;87.80
PBK102;VODKA SMIRNOFF;BOTELLA 1 LT;;UND;75.00
PBK105;VODKA STOLICHNAYA;BOTELLA 1 LT;;UND;59.00
PBK110;VODKA STOLICHNAYA ELIT;BOTELLA 750 ML;;UND;260.00
PBK115;VODKA STOLICHNAYA STRANBERRY;BOTELLA 750 ML;;UND;58.00
PBL;PRODUCTOS BEBIDAS LICORES;;;;0.00
PBL001;CACHACA 51;BOTELLA 1 LT;;UND;38.00
PBL002;LICOR ANTIOQUEÑO;BOTELLA  750 ML;;UND;60.00
PBL005;CACHACA VELHO BARREIRO;BOTELLA 910 ML;;UND;18.75
PBL009;LICOR AGWA DE BOLIVIA;BOTELLA 700 ML;;UND;1,252.80
PBL010;LICOR AFTER SHOCK BLACK;BOTELLA 70 CL;;UND;146.16
PBL015;LICOR AFTER SHOCK ROJO;BOTELLA 70 CL;;UND;140.00
PBL020;LICOR AMARETTO DISSARONO;BOTELLA 700 ML;;UND;121.00
PBL025;LICOR AMARULA;BOTELLA 750 ML;;UND;80.00
PBL030;LICOR BAILEYS;BOTELLA 750 ML;;UND;100.00
PBL035;LICOR BOLS BANANA;BOTELLA 700 ML;;UND;35.00
PBL040;LICOR BOLS BLUE CURACAO;BOTELLA 700 ML;;UND;37.00
PBL045;LICOR BOLS CREMA DE CACAO;BOTELLA 700 ML;;UND;35.00
PBL046;LICOR BOLS COCO;BOTELLA 700 ML;;UND;30.00
PBL050;LICOR BOLS CREMA DE CASSIS;BOTELLA 700 ML;;UND;57.75
PBL055;LICOR BOLS CREMA DE MENTA;BOTELLA 700 ML;;UND;37.00
PBL060;LICOR BOLS DURAZNO;BOTELLA 700 ML;;UND;37.00
PBL065;LICOR BOLS FRUTILLA;BOTELLA 700 ML;;UND;37.00
PBL070;LICOR BOLS KIWI;BOTELLA 700 ML;;UND;30.00
PBL072;LICOR BOLS MELON;BOTELLA 700 ML;;UND;30.00
PBL075;LICOR BOLS MANZANA;BOTELLA 700 ML;;UND;35.00
PBL080;LICOR BOLS TRIPLE SEC CURACAO;BOTELLA 700 ML;;UND;37.00
PBL082;LICOR BOLS SOUR APPLE;BOTELLA 700 ML;;UND;30.00
PBL085;LICOR CAMPARI;BOTELLA 1 LT;;UND;145.00
PBL090;LICOR CAMPARI;BOTELLA 750 ML;;UND;118.70
PBL095;LICOR CINZANO BIANCO;BOTELLA 950 ML;;UND;77.80
PBL100;LICOR CINZANO ROSSO VERMOUTH;BOTELLA 950 ML;;UND;30.00
PBL105;LICOR CONTREAU;BOTELLA 750 ML;;UND;140.00
PBL110;LICOR CONTREAU;BOTELLA 1 LT;;UND;175.00
PBL111;LICOR CUSENIER GRANADINA;BOTELLA 950 ML;;UND;25.00
PBL115;LICOR DE CAFE EL VIEJO ROBLE;BOTELLA 750 ML;;UND;35.00
PBL120;LICOR DE KUYPER CHOCOVINE;BOTELLA 700 ML;;UND;82.00
PBL125;LICOR DE KUYPER BUTTERSCOTCH;BOTELLA 700 ML;;UND;85.00
PBL130;LICOR DE KUYPER COCONUT;BOTELLA 700 ML;;UND;78.00
PBL135;LICOR DE KUYPER CREMA DE CASIS;BOTELLA 700 ML;;UND;78.00
PBL140;LICOR DE KUYPER VAINILLA;BOTELLA 700 ML;;UND;78.00
PBL145;LICOR DE KUYPER CRAMBERRY;BOTELLA 700 ML;;UND;78.00
PBL150;LICOR DE KUYPER PEACHTREE;BOTELLA 700 ML;;UND;82.00
PBL155;LICOR DE KUYPER KWAY FEH;BOTELLA 700 ML;;UND;97.00
PBL160;LICOR DRAMBUIE;BOTELLA 750 ML;;UND;175.00
PBL165;LICOR FRANGELICO;BOTELLA 700 ML;;UND;130.00
PBL169;LICOR GANCIA;BOTELLA 950 ML;;UND;45.00
PBL170;LICOR GALEANO;BOTELLA 700 ML;;UND;200.00
PBL175;LICOR GRANADINA BAR PUB;BOTELLA 1 LT;;UND;35.00
PBL180;LICOR GRAND MARNIER ROJO;BOTELLA 700 ML;;UND;170.00
PBL185;LICOR ISOLABELLA MANDARINETO;BOTELLA 700 ML;;UND;130.00
PBL190;LICOR ISOLABELLA SAMBUCA;BOTELLA 700 ML;;UND;75.00
PBL195;LICOR JAGERMEIFTER;BOTELLA 700 ML;;UND;110.00
PBL200;LICOR KALHUA;BOTELLA 1 LT;;UND;120.00
PBL205;LICOR KILLEPITSCH;BOTELLA 700 ML;;UND;120.00
PBL209;LICOR PUNT E MES;BOTELLA 750 ML;;UND;60.00
PBL210;LICOR MALIBU COCONUT;BOTELLA 1 LT;;UND;132.00
PBL215;LICOR MARTINI BIANCO;BOTELLA 995 ML;;UND;45.00
PBL220;LICOR MARTINI DRY;BOTELLA 995 ML;;UND;41.00
PBL225;LICOR MARTINI ROSSO;BOTELLA 995 ML;;UND;45.00
PBL230;LICOR TALEA CREAM;BOTELLA 700 ML;;UND;58.34
PBL234;LICOR TEQUILA PATRON CAFE;BOTELLA 750 ML;;UND;168.00
PBL235;LICOR TRES PLUMAS;BOTELLA 930 ML;;UND;35.00
PBL240;LICOR 43;BOTELLA 75 CL;;UND;172.00
PBL245;PISANI BLUE CURACAO;BOTELLA 75 CL;;UND;30.00
PBL250;PISANI CAFE;BOTELLA 75 CL;;UND;30.00
PBL255;PISANI CHOCOLATE;BOTELLA 75 CL;;UND;30.00
PBL260;PISANI DULCE DE LECHE;BOTELLA 75 CL;;UND;30.00
PBL265;PISANI FRUTILLA;BOTELLA 75 CL;;UND;30.00
PBL270;PISANI MENTA;BOTELLA 75 CL;;UND;30.00
PBL275;PISANI TRIPLE SEC;BOTELLA 75 CL;;UND;41.25
PBL280;SOURZ APPLE;BOTELLA 75 CL;;UND;78.60
PBL285;SOURZ PINEAPPLE;BOTELLA 70 CL;;UND;84.00
PBL290;SOURZ RASPBERRY;BOTELLA 70 CL;;UND;78.60
PBL295;XUXU;BOTELLA 700 ML;;UND;100.00
PBR;PRODUCTOS BEBIDAS RON;;;;0.00
PBR001;RON ABUELO AÑEJO;BOTELLA 1 LT;;UND;68.00
PBR005;RON ABULEO 7 AÑOS;BOTELLA 750 ML;;UND;95.00
PBR010;RON BACARDI LIMON;BOTELLA 750 ML;;UND;44.00
PBR011;RON BACARDY BLANCO AÑEJO;BOTELLA 1.750 ML;;UND;97.00
PBR015;RON BACARDI SOLERA AÑEJO;BOTELLA 750 ML;;UND;82.00
PBR020;RON BACARDI 8 AÑOS;BOTELLA 750 ML;;UND;118.00
PBR025;RON BARCELO AÑEJO;BOTELLA 1 LT;;UND;63.50
PBR030;RON BARCELO IMPERIAL;BOTELLA 750 ML;;UND;120.00
PBR034;RON HAVANA  3 AÑOS;BOTELLA 1000 ML;;UND;62.64
PBR035;RON HAVANA AÑEJO RESERVA;BOTELLA 1 LT;;UND;91.00
PBR040;RON HAVANA 7 AÑOS;BOTELLA 750 ML;;UND;112.00
PBR045;RON HAVANA BLANCO AÑEJO;BOTELLA 1 LT;;UND;58.00
PBR050;RON HAVANA ESPECIAL;BOTELLA 1 LT;;UND;55.00
PBR060;RON ZACAPA 23;BOTELLA 750 ML;;UND;300.00
PBR061;RON ZACAPA XO;BOTELLA 750 ML;;UND;710.00
PBS;PRODUCTOS BEBIDAS SINGANIS;;;;0.00
PBS001;SINGANI CASA REAL DON LUCHO;BOTELLA 750 ML;;UND;120.00
PBS002;SINGANI CASA REAL ETIQ. NEGRA;BOTELLA 750 ML;;UND;59.23
PBS003;SINGANI RUJERO COLEC. PRIVADA;BOTELLA 750 ML;;UND;52.00
PBS004;SINGANI SAN PEDRO DE ORO;BOTELLA 750 ML;;UND;35.00
PBS005;SINGANI CASA REAL ETQ ROJA;BOTELLA 750 ML;;UND;39.10
PBT;PRODUCTOS BEBIDAS TEQUILAS;;;;0.00
PBT001;TEQUILA BLANCO CAMINO REAL;BOTELLA 750 ML;;UND;55.00
PBT002;TEQUILA HERRADURA REPOSADO;BOTELLA 750 ML;;UND;280.00
PBT005;TEQUILA JIMADO BLANCO;BOTELLA 750 ML;;UND;95.00
PBT010;TEQUILA JIMADOR REPOSADO;BOTELLA 750 ML;;UND;95.00
PBT015;TEQUILA JOSE CUERVO BLANCO;BOTELLA 750 ML;;UND;82.65
PBT020;TEQUILA JOSE CUERVO REPOSADO;BOTELLA 750 ML;;UND;75.00
PBT025;TEQUILA PATRON AÑEJO;BOTELLA 750 ML;;UND;350.00
PBT028;TEQUILA JOSE CUERVO RESRVA FAM;BOTELLA 750 ML;;UND;487.20
PBT029;TEQUILA REPOSADO 1800;BOTELLA 750 ML;;UND;140.00
PBT030;TEQUILA PATRON REPOSADO;BOTELLA 750 ML;;UND;310.00
PBT031;TEQUILA SAUZA ACAI;BOTELLA 1 LT;;UND;82.55
PBT035;TEQUILA SAUZA BLANCO;BOTELLA 1 LT;;UND;102.66
PBT036;TEQUILA SAUZA MANGO;BOTELLA 1 LT;;UND;82.55
PBT040;TEQUILA SAUZA REPOSADO;BOTELLA 1 LT;;UND;125.28
PBV;PRODUCTOS BEBIDAS VINOS;;;;0.00
PBV001;VINO BLANCO DON LUIS CHADORNAY;BOTELLA 750 ML;;UND;55.00
PBV005;VINO BLANCO FINO C. S.;BOTELLA 700 ML;;UND;18.58
PBV010;VINO BLANCO LIEB FRAUMILCH;BOTELLA 700 ML;;UND;50.00
PBV015;VINO BLANCO RIESLING C. S.;BOTELLA 750 ML;;UND;37.81
PBV020;VINO BLANCO RIESLING C. S.;BOTELLA 500 ML;;UND;25.55
PBV025;VINO CABERNET-MERLOT;BOTELLA 375 ML;;UND;40.00
PBV030;VINO CABERNET-MERLOT;BOTELLA 750 ML;;UND;63.32
PBV032;VINO CATENA ALMA NEGRA MISTERI;BOTELLA 750 ML;;UND;225.00
PBV035;VINO CATENA CAB. SAUV.;BOTELLA 750 ML;;UND;90.00
PBV036;VINO CATENA MALBEC;BOTELLA 750 ML;;UND;100.00
PBV040;VINO DON LUIS CABERNET SAUVIG.;BOTELLA 750 ML;;UND;51.00
"PBV045	ABARR";VINO ESPUM. LANCER BLANCO;BOTELLA 750 ML;;UND;60.00
PBV046;VINO CARACTER CABERNETMERLOT;BOTELLA 750 ML;;UND;33.40
PBV050;VINO ESPUM. LANCER ROSE;BOTELLA 750 ML;;UND;60.00
PBV055;VINO ESPUM. BLANCO LAMBRUSCO;BOTELLA 750 ML;;UND;35.00
PBV056;VINO ESPUM. RICCADONA RUBY;BOTELLA 750 ML;;UND;11.36
PBV060;VINO ESPUM. ROSE LAMBRUSCO;BOTELLA 750 ML;;UND;35.00
PBV064;VINO LUIGUI BOSCA CAB. SAUV;BOTELLA 750 ML;;UND;108.00
PBV065;VINO LUIGI BOSCA CHADORNAY;BOTELLA 750 ML;;UND;78.00
PBV070;VINO LUIGI BOSCA MALBEC RES;BOTELLA 750 ML;;UND;107.00
PBV075;VINO MALBEC C.S.;BOTELLA 375 ML;;UND;27.00
PBV080;VINO MALBEC C.S.;BOTELLA 750 ML;;UND;49.14
PBV085;VINO MALBEC C. SAUVIGNON;BOTELLA 750 ML;;UND;67.00
PBV090;VINO MALBEC C. SAUVIGNON;BOTELLA 375 ML;;UND;40.00
PBV095;VINO MERLOT- SYRAH;BOTELLA 750 ML;;UND;63.00
PBV096;VINO MOR. HOUSE OF MORANDE;BOTELLA 750 ML;;UND;371.38
PBV097;VINO MOR. RESER. PINOT NOIR;BOTELLA 750 ML;;UND;79.90
PBV098;VINO MOR. RES. CARMENERA;BOTELLA 750 ML;;UND;79.90
PBV099;VINO MOR. GRAN RESE. SIRAH;BOTELLA 750 ML;;UND;129.45
PBV100;VINO NAVARRO TORREZ COL. PRIV.;BOTELLA 750 ML;;UND;65.00
PBV101;VINO MOR. RES. CABERNET SAUVI;BOTELLA 750 ML;;UND;79.90
PBV102;VINO SA. CARO. BARRI. SE. CARM;BOTELLA 750 ML;;UND;125.75
PBV103;VINO SA. CARO. RESE. FAM. CAB;BOTELLA 750 ML;;UND;204.36
PBV104;VINO SA. CARO. RESE. FAM. CARM;BOTELLA 750 ML;;UND;204.95
PBV105;VINO ROSE;BOTELLA 750 ML;;UND;40.00
PBV106;VINO SA. CARO. VISTAÑA CAB-ME;BOTELLA 750 ML;;UND;38.45
PBV107;VINO SA. CARO. RESERVADO CAB;BOTELLA 750 ML;;UND;33.89
PBV108;VINO SA. CARO. RESERVADO CARM;BOTELLA 750 ML;;UND;33.89
PBV110;VINO ROSE;BOTELLA 500 ML;;UND;25.00
PBV111;VINO RUTINI MALBEC;BOTELLA 750 ML;;UND;236.70
PBV112;VINO RUTINI MERLOT;BOTELLA 750 ML;;UND;236.70
PBV115;VINO SANTA HELENA RES. CARMENE;BOTELLA 750 ML;;UND;45.00
PBV120;VINO SEPTIMO DIA MALBEC;BOTELLA 750 ML;;UND;45.00
PBV121;VINO TERRAZAS CAB. SA RESERVA;BOTELLA 750 ML;;UND;119.00
PBV122;VINO TERRAZAS ALTO CAB.SA;BOTELLA 750 ML;;UND;72.27
PBV124;VINO TERRAZAS MALBEC;BOTELLA 750 ML;;UND;119.00
PBV125;VINO TINTO CABERNET C. S.;BOTELLA 375 ML;;UND;25.00
PBV130;VINO TINTO CABERNET C. S.;BOTELLA 750 ML;;UND;40.00
PBV135;VINO TINTO ETCHART PRIV. MALB.;BOTELLA 750 ML;;UND;65.00
PBV136;VINO TINTO COLECCION DE ALTURA;BOTELLA 750 ML;;UND;150.00
PBV140;VINO TINTO FINO C. S.;BOTELLA 750 ML;;UND;18.50
PBV145;VINO TINTO MALBEC - BIANCHI;BOTELLA 750 ML;;UND;30.00
PBV150;VINO TINTO MERLOT;BOTELLA 750 ML;;UND;40.00
PBV155;VINO TINTO MERLOT;BOTELLA 375 ML;;UND;25.00
PBV160;VINO T.NAV. CORREO PINOT NOIR;BOTELLA 750 ML;;UND;65.00
PBV161;VINO TRI. GOLDEN RES. MALBEC;BOTELLA 750 ML;;UND;132.84
PBV162;VINO TRI. RESER. CABERNET SAUV;BOTELLA 750 ML;;UND;79.34
PBV163;V TRIVENTO SWEET MALBEC;BOTELLA 750 ML;;UND;52.89
PBV164;V TRIVENTO SWEET WHITE;BOTELLA 750 ML;;UND;52.89
PBV165;VINO TRIVARIETAL;BOTELLA 750 ML;;UND;90.00
PBV166;V TRIVENTO MIXTUS CAB-MERLOT;BOTELLA 750 ML;;UND;36.88
PBV167;V TRIVENTO MIXTUS MERLOT-MALBE;BOTELLA 750 ML;;UND;36.88
PBV168;V TRIVENTO RESERVE CARBERNE;BOTELLA 750 ML;;UND;84.21
PBV169;V TRIVENTO RESERVE MALBEC;BOTELLA 750 ML;;UND;84.21
PBV170;VINO TRIVARIETAL PEQ.;BOTELLA 375 ML;;UND;53.50
PBV171;VINO CM FINIS TERRAE;BOTELLA 750 ML;;UND;230.00
PBV172;VINO CH POLO AMATEUR CAB SAU;BOTELLA 750 ML;;UND;36.00
PBV173;VINO CH POLO AMATEUR MALBEC;BOTELLA 750 ML;;UND;36.00
PBV174;VINO CH POLO PROF. CAB SAUV;BOTELLA 750 ML;;UND;50.00
PBV175;VINO CM ANTIGUAS RES. MERLOT;BOTELLA 750 ML;;UND;74.00
PBV176;VINO CM ANTIGUAS RES. CAB SAUV;BOTELLA 750 ML;;UND;74.00
PBV177;VINO ERRA. DON MAXIMILIANO;BOTELLA 750 ML;;UND;370.00
PBV178;VINO ESPU UNDURRAGA BRUT ROSE;BOTELLA 750 ML;;UND;70.00
PBV179;VINO ESPU UNDURRAGA BRUT;BOTELLA 750 ML;;UND;58.00
PBV180;VINO CH POLO MARTIN ALSIMA MAL;BOTELLA 750 ML;;UND;200.00
PBV181;VINO ERRA. MAX RESERVA MERLOT;BOTELLA 750 ML;;UND;95.00
PBV182;VINO MAX RESERVA CARMENERE;BOTELLA 750 ML;;UND;258.00
PBV183;VINO CM GRIS CABERNET SAUV;BOTELLA 750 ML;;UND;50.00
PBV184;VINO ESPU. ARP PORTO RUBY;BOTELLA 750 ML;;UND;160.77
PBV185;VINO ESPU. ARP PORTO TAWNY;BOTELLA 750 ML;;UND;160.77
PBV186;VINO ESPU. CELLA LAM. BLANCO;BOTELLA 750 ML;;UND;49.35
PBV187;VINO ESPU. CELLA LAM. ROSSO;BOTELLA 750 ML;;UND;34.93
PBV188;VINO ESPU. PERIQITA;BOTELLA 750 ML;;UND;70.60
PBV189;CHAMPAGNE  PRESIDENT.BRUT;BOTELLA 750 ML;;UND;35.00
PBV190;VINO ZUC. A MALBEC;BOTELLA 750 ML;;UND;132.36
PBV191;VINO ZUC. Q CABERNET SAUVIGNON;BOTELLA 750 ML;;UND;226.55
PBV192;VINO CM DN LUIS CHARDONAY;BOTELLA 750 ML;;UND;55.00
PBV193;VINO CM DN LUIS CABERNET SAUV;BOTELLA 750 ML;;UND;55.00
PBV194;VINO CM DN LUIS MERLOT;BOTELLA 750 ML;;UND;55.00
PBV195;VINO ERRA. CABERNET SAUVIGNON;BOTELLA 750 ML;;UND;55.00
PBV196;VINO ERRA. CARMENERE;BOTELLA 750 ML;;UND;55.00
PBV197;VINO ERRA MERLOT;BOTELLA 750 ML;;UND;55.00
PBV198;VINO ERRA. THE BLEND;BOTELLA 750 ML;;UND;170.00
PBV199;VINO ERRA. MAX RES. CHARDONAY;BOTELLA 750 ML;;UND;95.00
PBV200;VINO CH POLO PROF. MALBEC;BOTELLA 750 ML;;UND;50.00
PBV201;VINO ERRA. MAX RES. CAB. SAUVI;BOTELLA 750 ML;;UND;95.00
PBV202;VINO CM DN LUIS SAUVIG BLANC;BOTELLA 750 ML;;UND;59.00
PBV203;VINO ERRA. MAX RE. SAUVIG BLAN;BOTELLA 750 ML;;UND;125.00
PBV204;VINO ESPU.ALTOSAMA ROSE;BOTELLA 750 ML;;UND;43.00
PBV205;VINO ZUC. Q MALBEC;BOTELLA 750 ML;;UND;226.55
PBV206;V TRIVENTO AMADO SUR;BOTELLA 750 ML;;UND;164.47
PBV207;VINO ESPU.ALTOSAMA DEMISEC;BOTELLA 750 ML;;UND;43.00
PBV208;VINO CM DÑ ISIDORA RIESLING;BOTELLA 750 ML;;UND;58.00
PBV209;VINO CHIANTI;BOTELLA 750 ML;;UND;78.00
PBV215;VINO PROSECO CUALDOBIADENE;BOTELLA 750 ML;;UND;119.00
PBV220;VINO DON MELCHOR CABERNET;BOTELLA 750 ML;;UND;620.60
PBV225;VINO MARQUES CABERNET SAUVIGÑO;BOTELLA 750 ML;;UND;119.90
PBV230;VINO MARQUES CARMENERE;BOTELLA 750 ML;;UND;119.90
PBV234;VINO TRIO CABERNET SAUVIGÑON;BOTELLA 750 ML;;UND;63.20
PBV235;VINO TRIO MERLOT-CARMENERE;BOTELLA 750 ML;;UND;63.20
PBV240;VINO CASILLERO D.CARMENERE;BOTELLA 750 ML;;UND;52.50
PBV243;VINO CASILLERO D.CHARDONAY;BOTELLA 750 ML;;UND;52.10
PBV245;VINO CASILLERO D.RESERVA;BOTELLA 750 ML;;UND;85.60
PBV250;VINO UVAIRENDA CABERNET;BOTELLA 750 ML;;UND;74.81
PBV251;VINO UVAIRENDA TANNAT;BOTELLA 750 ML;;UND;67.81
PBV252;VINO UVAIRENDA SYRAH;BOTELLA 750 ML;;UND;67.81
PBV253;VINO UVAIRENDA TORRONTES;BOTELLA 750 ML;;UND;67.81
PBV254;VINO MAGNUS L ROSE;BOTELLA 750 ML;;UND;47.50
PBV255;VINO MAGNUS CABERNET SAUVIGÑON;BOTELLA 750 ML;;UND;64.17
PBV256;VINO MAGNUS CABERNET MERLOT;BOTELLA 750 ML;;UND;54.17
PBV260;VINO ARANJUEZ CHARDONAY DUO;BOTELLA 750 ML;;UND;26.00
PBV261;VINO ARANJUEZ TANNAT VARIETAL;BOTELLA 750 ML;;UND;50.00
PBV262;VINO ARANJUEZ CABERNET SAUVIGÑ;BOTELLA 750 ML;;UND;50.00
PBV270;VINO CALAMUCHITA;BOTELLA 750 ML;;UND;57.81
PBV272;VINO CHAGUAYA;BOTELLA 750 ML;;UND;127.81
PBV275;VINO TOLOMASITA;BOTELLA 750 ML;;UND;77.81
PBV277;VINO VENTOLERA;BOTELLA 750 ML;;UND;77.81
PBW;PRODUCTOS BEBIDAS WHISKYS;;;;0.00
PBW001;WHISKY BALLANTINES 12 AÑOS;BOTELLA 1 LT;;UND;229.00
PBW005;WHISKY BALLANTINES FINEST;BOTELLA 1 LT;;UND;125.00
PBW006;WHISKY BUCHANANS;BOTELLA 1 LT;;UND;225.00
PBW010;WHISYY CHIVAS REGAL 12 AÑOS;BOTELLA 1 LT;;UND;279.00
PBW012;WHISYY CHIVAS  12 AÑOS MINI;BOTELLA 50 ML;;UND;5.00
PBW015;WHISKY CHIVAS REGAL 12 AÑOS;BOTELLA 1 LT;;UND;279.00
PBW020;WHISKY CHIVAS REGAL 18 AÑOS;BOTELLA 750 ML;;UND;600.00
PBW025;WHISKY CHIVAS SALUT 21 AÑOS;BOTELLA 750 ML;;UND;990.00
PBW030;WHISKY JACK DANIELS;BOTELLA 1 LT;;UND;210.00
PBW031;WHISKY JACK DANIELS HONEY;BOTELLA 700 ML;;UND;210.00
PBW032;WHISKY JHONNIE WALKER GOLD LA;BOTELLA 750 ML;;UND;400.00
PBW033;WHISKY JHONNIE WALKER PLATINUM;BOTELLA 750 ML;;UND;800.00
PBW034;WHISKY JHONNIE WALKER DOUBLE J;BOTELLA 1 LT;;UND;315.00
PBW035;WHISKY JAMESON;BOTELLA 1 LT;;UND;156.00
PBW036;WHISKY JHONNIE WALKER BLACK LA;BOTELLA 50 ML;;UND;14.00
PBW037;WHISKY JHONNIE WALKER BLACK LA;BOTELLA 1 LT;;UND;270.00
PBW038;WHISKY JHONNIE WALKER BLUE LA;BOTELLA 750 ML;;UND;1,500.00
PBW039;WHISKY OLD PARR;BOTELLA 500 ML;;UND;136.97
PBW040;WHISKY OLD PARR;BOTELLA 1 LT;;UND;270.00
PBW041;WHISKY SWING;BOTELLA 1 LT;;UND;320.00
PBW042;WHISKY SWING;BOTELLA 750 ML;;UND;320.00
PBW045;WHISKY THE GLENLIVET;BOTELLA 1 LT;;UND;350.00
PCV;PRODUCTOS CIGARROS VARIOS;;;;0.00
PCV001;CIGARR. BLACK MASK;CAJETILLA 20 UND;;UND;7.00
PCV005;CIGARR. CAMEL;CAJETILLA 20 UND;;UND;9.20
PCV007;CIGARR. CAMEL ACTIVATE;CAJETILLA 20 UND;;UND;10.00
PCV010;CIGARR. CAMEL BLACK;CAJETILLA 20 UND;;UND;10.20
PCV015;CIGARR. CAMEL BLUE;CAJETILLA 20 UND;;UND;9.20
PCV020;CIGARR. CAMEL LIGHT PEQUEÑO;CAJETILLA 10 UND;;UND;4.60
PCV022;CIGARR. CAMEL MENTOL;CAJETILLA 20 UND;;UND;9.40
PCV025;CIGARR. CAMEL PEQUEÑO;CAJETILLA 10 UND;;UND;4.60
PCV027;CIGARR. CAMEL SILVER;CAJETILLA 20 UND;;UND;9.40
PCV030;CIGARR. CAMEL WHITE;CAJETILLA 20 UND;;UND;10.20
PCV035;CIGARR. DERBY AZUL BOX ULTRALI;CAJETILLA 20 UND;;UND;3.14
PCV040;CIGARR. DERBY BLANCO BOX SUAVE;CAJETILLA 20 UND;;UND;6.40
PCV045;CIGARR. DERBY BLANCO SUAVE PEQ;CAJETILLA 10 UND;;UND;3.10
PCV050;CIGARR. DERBY ROJO BOX;CAJETILLA 20 UND;;UND;6.40
PCV055;CIGARR. DERBY ROJO BOX PEQUEÑO;CAJETILLA 10 UND;;UND;3.00
PCV060;CIGARR. DERBY NARANJA;CAJETILLA 20 UND;;UND;4.80
PCV065;CIGARR. DJARUM BLACK PEQUEÑO;CAJETILLA 10 UND;;UND;6.00
PCV070;CIGARR. L&M AZUL BOX;CAJETILLA 20 UND;;UND;7.20
PCV075;CIGARR. L&M AZULA PEQUEÑO;CAJETILLA 10 UND;;UND;3.60
PCV080;CIGARR. L&M KRETEK VERDE;CAJETILLA 20 UND;;UND;7.80
PCV085;CIGARR. L&M ROJO BOX;CAJETILLA 20 UND;;UND;7.20
PCV090;CIGARR. L&M ROJO PEQUEÑO;CAJETILLA 10 UND;;UND;3.60
PCV093;CIGARR. LUCKY STRIKE AZUL;CAJETILLA 20 UND;;UND;9.50
PCV095;CIGARR. MARLBORO BLANCO;CAJETILLA 20 UND;;UND;6.68
PCV100;CIGARR. MARLBORO BLANCO PEQ;CAJETILLA 10 UND;;UND;4.75
PCV105;CIGARR. MARLBORO BLUE FRESH;CAJETILLA 20 UND;;UND;9.50
PCV110;CIGARR. MARLBORO ICEBALL;CAJETILLA 20 UND;;UND;9.95
PCV115;CIGARR. MARLBORO ROJO;CAJETILLA 20 UND;;UND;6.68
PCV120;CIGARR. MARLBORO ROJO PEQ.;CAJETILLA 10 UND;;UND;5.00
PD;PRODUCTOS DESECHABLES/LIMP.;;;;0.00
PDB;PRODUCTOS ENVASES/BOLSAS;;;;0.00
PDB001;BOLSAS BLANCAS GRANDES 35*65;PAQUETE 100 UND;;PQT;10.50
PDB002;BOLSAS AZULES DE BASURA;PAQUETE 10 UND;;PQT;23.00
PDB003;BOLSAS BLANCAS 24*42;PAQUETE 100 UND;;PQT;6.80
PDB004;BOLSAS BLANCAS MEDIANAS 29*50;PAQUETE 100 UND;;PQT;9.50
PDB005;BOLSAS BLANCAS MEDIANAS 27*48;PAQUETE 100 UND;;PQT;9.50
PDB010;BOLSAS BLANCAS PEQUEÑAS 17*30;PAQUETE 100 UND;;PQT;4.50
PDB011;BOLSAS BLANCAS PEQUEÑAS   9*20;PAQUETE 100 UND;;PQT;2.50
PDB015;BOLSAS EN ROLLO;GRANDE 30*40;;UND;65.00
PDB020;BOLSAS EN ROLLO;MEDIANO 20*30;;UND;50.00
PDB025;BOLSAS NEGRAS DE BASURA CHINIT;PAQ. 10 UND 65*80*40;;UND;4.00
PDB030;BOLSAS NEGRAS DE BASURA;65*80*35 BAJA;;UND;5.50
PDB035;BOLSAS P/EMBALAJE;8D CR S/I25*35*50 3 BT;;KG;30.00
PDB036;BOLSA P/CONGELAR 20*12;PAQ. 100 UND;;UND;1.30
PDB040;BOLSAS PARA HAMBURGUESA 30*42;PAQ. 100 UND;;UND;11.50
PDB045;BOLSAS PARA HIELO;70 UND/KG DE 29*46 cm;;KG;36.00
PDB050;BOLSAS 23*40;PAQUETE 100 UND;;UND;8.00
PDB055;BOLSAS PARA PAN 35*50;PAQUETE 100 UND;;UND;47.00
PDB060;CAJAS PARA TORTA- CARTON;UNIDAD;;UND;7.46
PDB065;CAJAS PARA PIZZA 14- CARTON;35.5 * 35 * 4.4 cm;;UND;4.60
PDB070;CAJAS PORTA ALIMENTOS;UNIDAD;;UND;7.15
PDL;PRODUCTOS DE LIMPIEZA VARIOS;;;;0.00
PDL000;ACIDO NITRICO;ENVASE 1 LTS;;UND;15.00
PDL001;ALCOHOL SANITISANTE MANOS;ENVASE 750 ML;;UND;23.30
PDL004;ALCOHOL  AGRANEL;LATA DE 16 LTS;;LT;12.50
PDL005;ALCOHOL EN GEL;ENVASE 340 ML;;UND;22.26
PDL010;ALCOHOL EN GEL;ENVASE DE 1LT;;UND;35.00
PDL015;AMBIENTADOR EN SPRAY;BOTE 360 CC;;UND;13.50
PDL018;ATOMIZADOR;UNIDAD PLASTICO;;UND;10.00
PDL020;BAYGON;BOTE 360 CC;;UND;20.00
PDL021;BALDE;UNIDAD;;UND;18.00
PDL024;TRAPEADOR SECADOR;UNIDAD;;UND;49.00
PDL025;BOMBRIL DE HIERRO;BOLSA;;UND;5.00
PDL030;CEPILLO P/BAÑO;UNIDAD;;UND;40.00
PDL035;CEPILLO P/LAVAR;UNIDAD;;UND;6.00
PDL040;CERA P/PISOS;SACHET 500 CC;;UND;8.50
PDL043;DESENGRASANTE VHN 47;BIDON 10 LTS;;UND;13.50
PDL045;DESINFECTANTE PINO WHITE;BOTE 500 ML;;UND;4.00
PDL050;DESINFECTANTE SUPREMO;BOTE 200 ML;;UND;9.50
PDL054;DETERGENTE  ANTISARRO;GALON  5 LT;;UND;84.00
PDL055;DETERGENTE ANTIGRASA;GALON  5 LT;;UND;55.00
PDL060;DETERGENTE ANTIGRASA;BOTE 890 ML;;UND;16.00
PDL063;DETERGENTE EN POLVO ACE;BOLSA 500 GR;;UND;8.00
PDL064;DETERGENTE EN POLVO PATITO;BOLSA 160 GR;;UND;1.75
PDL065;DETERGENTE EN POLVO OMO;BOLSA 900 GR;;UND;15.80
PDL069;DETERGENTE SUMA DISH D1;GALON DE 5 LTS;;UND;190.00
PDL070;DETERGENTE VAJILLERO;BOTE 1100 ML;;UND;13.00
PDL074;DETERGENTE ZAPOLIO;ENVASE 360 GR;;UND;8.00
PDL075;DETERGENTE VAJILLERO;GALON 5 LT;;UND;45.00
PDL080;ESCOBAS MULTIUSO INTERIOR;UNIDAD;;UND;13.57
PDL081;ESCOBAS MULTIUSO EXTERIOR;UNIDAD;;UND;12.24
PDL085;ESPONJA DOBLE CARA;UNIDAD;;UND;1.25
PDL089;ENJUAGUE BUCAL;ENVASE DE 1 LTS;;UND;37.62
PDL090;GEL ANTSEPTICO;12*1000 ML;;UND;46.12
PDL094;GOMAS P/ PISOS;UNIDAD;;UND;10.00
PDL095;GUANTES DESECHABLES DE LIMP;PQTE 2 UND;;UND;9.00
PDL100;GUANTES P/HORNO;PQTE 2 UND;;UND;40.00
PDL104;JABONCILLO LIQUIDO;ENVASE E 1 LTS;;UND;20.00
PDL105;JABON LIQUIDO;BIDON 5 LT;;UND;37.00
PDL110;JABON LOCION KC REG;12*1*800 ML;;UND;30.22
PDL115;JABONCILLO P/MANOS;UNIDAD;;UND;4.33
PDL120;KIMCARE CITRUS;48 ML * 6;;UND;74.25
PDL125;KOTRINE;UNIDAD;;UND;12.00
PDL129;LAVANDINA;GALON 4 LT;;UND;51.00
PDL130;LAVANDINA;GALON 5 LT;;UND;30.00
PDL135;LAVANDINA;BOTE 1 LT;;UND;14.00
PDL140;LEVANTADORES DE BASURA;UNIDAD;;UND;5.00
PDL143;LIMPIA PISO DE BAÑO OLA MAX;UNIDAD;;UND;55.00
PDL144;LIMPIA PISO AMBIENTADOR;ENVASE DE 5 LTS;;UND;41.00
PDL145;LIMPIA VIDRIOS;GALON 5 LT;;UND;44.00
PDL150;LIMPIA VIDRIOS;BOTE 930 ML;;UND;11.50
PDL155;LUSTRA MUEBLES;BOTE 890 ML;;UND;21.50
PDL160;PAÑOS DE FRANELA;UNIDAD;;UND;3.08
PDL165;PAÑOS PARA PISO;UNIDAD;;UND;4.59
PDL170;PLUMEROS;UNIDAD;;UND;30.00
PDL175;SECADORES DE COLOR;UNIDAD;;UND;8.33
PDL180;SECADORES DE VAJILLA;UNIDAD;;UND;3.16
PDL181;SILICONA;BIDON DE 10 LTS;;LTS;40.00
PDL185;TOALLAS P/MANOS;UNIDAD;;UND;8.33
PDL190;TRAPEADOR GOMA P/PISOS;UNIDAD;;UND;10.00
PDL195;TRAPEADOR GRANDE;UNIDAD;;UND;49.00
PDL199;TRAPERO ( MOPA );UNIDAD;;UND;25.00
PDL200;VIRULIN DE HIERRO MEDIANO;UNIDAD;;UND;1.67
PDL205;VIRULIN GRANDE P/PISO;UNIDAD;;UND;9.00
PDP;PRODUCTOS PLASTICO/PAPEL;;;;0.00
PDP001;BARBIJOS;CAJA 50 UND;;UND;29.40
PDP005;BARBIJOS C/RESPIRADOR ESP.;UNIDAD;;UND;28.00
PDP010;BASE P/MINI BRIGADEIRO;PQTE 1000;;UND;0.05
PDP015;BASE P/HOT DOG;UNIDAD;;UND;0.70
PDP020;BLONDAS TORTA MEDIANA PLAST.;UNIDAD;;UND;1.13
PDP025;BLONDAS TORTA MEDIANA PAPEL;UNIDAD;;UND;1.20
PDP030;BOMBILLAS;PAQUETE 100 UND;;UND;2.60
PDP035;CIRCULOS DE CARTON MED.;UNIDAD;;UND;4.00
PDP040;DESECHABLES CUCHARAS;PAQ. 10 UND;;UND;0.65
PDP045;DESECHABLES CUCHARILLAS;PAQ. 10 UND;;UND;0.75
PDP050;DESECHABLES CUCHILLOS;PAQ. 10 UND;;UND;1.60
PDP055;DESECHABLES GORRAS;PAQ. 100 UND;;UND;20.90
PDP060;DESECHABLES GUANTES NIPRO;CAJA 100 UND;;UND;51.00
PDP063;DESECHABLES GUANTES DURALON;PQT 2 UND;;PQT;20.00
PDP064;DESECHABLES PLATOS P / 22;PAQUETE DE 100;;UND;0.31
PDP065;DESECHABLES PLATOS 1/4 C/ TAPA;PAQ. 100 UND;;UND;0.95
PDP069;DESECHABLES BANDEJAS MARMITA;PAQUETE 100 UND;;UND;1.21
PDP070;DESECHABLES PLATOS PLAST.C/T;UNIDAD;;UND;0.95
PDP075;DESECHABLES PLATILLOS PEQ.;PAQ. 10 UND;;UND;0.20
PDP080;DESECHABLES PLATOS MEDIANOS;PAQ. 100 UND;;UND;0.30
PDP085;DESECHABLES PLATOS OVALADOS;PAQ. 100 UND;;UND;0.42
PDP090;DESECHABLES PLATOS PEQUEÑOS;PAQ. 100 UND;;UND;0.20
PDP095;DESECHABLES PLATOS REDONDOS;PAQ. 100 UND;;UND;0.45
PDP096;DESECHABLES TAPA/ CAFE MEDIANO;PQT 100 UND;;UND;0.39
PDP097;DESECHABLE TAPA/ CAFE PEQUEÑO;PQT 100 UND;;UND;0.31
PDP098;DESECHABLES POTE MUSS 170 ML;PAQ. 10 UND CON TAPA;;UND;1.66
PDP099;DESECHABLES TAPA P/ CAFE;PAQUETE 100 UND;;UND;0.36
PDP100;DESECHABLES TAZA ACRILICO;BOLSA 10 UND* 40ML;;UND;12.00
PDP101;DESECHABLES POTE ARROZ  350 ML;PAQ. 10 UND CON TAPA;;UND;1.88
PDP105;DESECHABLES TENEDORES;PAQ. 10 UND;;UND;1.50
PDP110;EMBALAGE P/HAMBURGUESA;UNIDAD COD/147848;;UND;0.28
PDP115;INDIVIDUALES;UNIDAD PAPEL;;UND;0.15
PDP120;LIGAS;BOLSA;;UND;20.00
PDP121;LIGAS P/ OHASHIS;BOLSA;;UND;40.00
PDP125;MONDADIENTES;CAJA 100 UND;;UND;0.64
PDP129;PAPEL SABANA;PLIEGO;;UND;0.60
PDP130;PAPEL HIGIENICO BLANCO;PAQ. 4 ROLLOS * 500MT;;UND;33.00
PDP131;PAPEL HIGIENICO JUMBO NATURAL;BOLSA DE 6 ROLLO * 500;;UND;29.00
PDP134;PAPEL HIGIENICO BLANCO JUMBO;PAQ. 4*250 M;;UND;35.25
PDP135;PAPEL HIGIENICO SCOTT;PAQ. 12*4;;UND;2.50
PDP138;PAPEL HIGIENICO SCOTT EXT VERD;BOLSA DE 10*2 ROLLO;;UND;3.90
PDP139;PAPEL TOALLA 173211;PAQUETE 20 BOL X 200 UND;;UND;23.85
PDP140;PAPEL TOALLA AIRFLEX SCOTT;6*2*150;;UND;100.00
PDP145;PAPEL TOALLA AIRFLEX SCOTT;6*1*100;;UND;28.17
PDP150;PAPEL TOALLA BLANCO;PAQ. 8 * 175 UND;;UND;14.00
PDP155;PAPEL TOALLA ROLLO;6*200;;UND;32.45
PDP159;PAPEL WIPALL LAV 6*88;ROLLO 6*88;;UND;76.00
PDP160;PEROTINES GRANDES;PAQ. 1000 UND;;UND;0.20
PDP165;PEROTINES MEDIANOS;PAQ. 1000 UND;;UND;0.10
PDP170;PEROTINES PEQUEÑOS;PAQ. 1000 UND;;UND;0.07
PDP174;SERVILLETAS SCOTT INSTITUCIONA;PAQUETE 10 UND;;PQT;40.00
PDP175;SERVILLETAS SCOTT;4*300;;UND;37.50
PDP180;SERVILLETAS ELITE PEQ.;UNIDAD 24*24;;UND;7.50
PDP184;SERVILLETAS ELITE MED. 33*33;BOLSA 30*35 UND;;UND;7.00
PDP185;SERVILLETAS ELITE MED.;UNIDAD 33*33;;UND;10.00
PDP186;SERVILLETAS ELITE PEQ.;BOLSA DE 200 UND;;UND;13.50
PDP188;SERVILLETAS SCOTT;PAQUETE 4* 300;;UND;41.00
PDP189;SERVILLETAS SCOTT ESTILO;UNIDAD 32 50;;UND;10.00
PDP190;VASOS COCA COLA;UNIDAD*300 CC;;UND;0.28
PDP195;VASOS DESECHABLES 500 ML;PAQ. 50 *500ML;;UND;0.52
PDP200;VASOS DE MUSS + TAPA;PAQ. 100 UND;;UND;0.36
PDP205;VASOS DESECHABLES/AGUA;PAQ. 100 UND * 200ML;;UND;0.08
PDP209;VASOS P/ ENJUAGUE BUCAL;TIRA 100 UND;;UND;0.07
PDP210;VASOS P/CAFE PEQUEÑOS;PAQ. 25 UND;;UND;0.27
PDP215;VASOS P/CAFE MEDIANOS;PAQ. 25 UND;;UND;0.25
PDP220;VELAS P/CUMPLEAÑOS;PAQ. 4 UND;;UND;5.40
PDP221;VELAS P/CUMPLEAÑOS ESTRELLITAS;SOBRES 10 UND;;SBS;0.80
PDP224;VELAS  LARGAS;PAQUETE;;PQT;19.00
PDP225;VITAFIL PVC ROLLO GRANDE;45* 5.70 KG;;UND;298.00
PS;PRODUCTO SEMI-ELABORADO;;;;0.00
PSC;PRODUCTO SEMI-ELAB. COCINA;;;;0.00
PSC001;COXINHA;BOLSA C/20 UND;;UND;2.30
PSC005;COXINHA C/QUESO CREMA;BOLSA 24UND X  4 PORCION;;UND;6.20
PSC010;CROQUETAS DE CARNE;BOLSA C/6 UND;;UND;3.20
PSC015;CROQUETAS DE POLLO;BOLSA C/6 UND;;UND;2.80
PSC020;FIDEO P/YAKISOBA;BOLSA C/200 GR;;UND;1.80
PSC025;FILETE POLLO;BOLSA C/6 UND;;KG;36.00
PSC030;FILETE POLLO P/BEIRUT;BOLSA C/5 UND;;KG;35.00
PSC035;FILETE LOMO P/BEIRUT;BOLSA C/5 UND;;KG;45.00
PSC040;FILETE LOMO 120 GR;BOLSA C/9 UND;;KG;55.00
PSC045;FILETE LOMO 240 GR;BOLSA C/5 UND;;KG;55.00
PSC050;GYOZA DE CARNE;BOLSA C/4 UND;;UND;6.00
PSC055;GYOZA VEGETARIANA;BOLSA C/4 UND;;UND;3.50
PSC060;HAMBURGUESA DE PICAÑA;BOLSA C/5 UND;;UND;9.98
PSC065;HAMBURGUESA DE SALMON;BOLSA C/5 UND;;UND;34.00
PSC070;JENGIBRE PORCIONADO;BOLSA 75 GR;;UND;0.80
PSC075;LEGUMBRES P/TEMPAYAKI;BOLSA C/130 GR;;UND;1.50
PSC080;LEGUMBRES P/YAKISOBA;BOLSA C/200 GR;;UND;1.40
PSC085;LOMO PROCESADO;BOLSA DE 1 KG;;KG;55.00
PSC090;LOMO P/YAKISOBA;BOLSA DE 1 KG;;KG;55.00
PSC095;MASA P/PIZZA MEDIANA CINEMARK;BOLSA C/10 UND;;UND;1.50
PSC100;COXINHA;PORCION C/4 UND;;UND;1.00
PSC105;COXINHA C/QUESO CREMA CINEMAR;PORCION C/4 UND;;UND;2.00
PSC110;GYOZA DE CARNE CINEMARK;PORCION C/4 UND;;UND;0.63
PSC115;GYOZA VEGETARIANA CINEMARK;PORCION C/4 UND;;UND;0.52
PSC120;KIBE PARA CINEMARK;PORCION C/4 UND;;UND;0.63
PSC125;SALTEÑA PICANTE;BOLSA C/30 UND;;UND;1.30
PSC130;PASTEL DE CAMARON;BOLSA C/6 UND;;UND;5.04
PSC135;PASTEL CARNE;BOLSA C/6 UND;;UND;2.20
PSC140;PASTEL POLLO;BOLSA C/6 UND;;UND;0.60
PSC145;PICAÑA SEMIELABORADA;PIEZA;;KG;40.00
PSC150;PIZZA MEDIANA;BOLSA C/10 UND;;UND;4.40
PSC155;POLLO P/YAKISOBA;BOLSA C/1 KG;;KG;36.00
PSC160;PORCION POLLO P/FRANGO;BOLSA C/5 PZAS;;UND;11.50
PSC165;PORCION SURUBI P/MUQUECA;BOLSA C/100 GR;;UND;6.00
PSC170;RELLENO DE PESCADO P/GRATINE;BOLSA C/ 1 KG;;KG;100.00
PSC175;SALTEÑA PICANTE;BOLSA 15 UND;;UND;3.00
PSC180;SALTEÑA MASA BLANCA;BOLSA 15 UND;;UND;3.00
PSC185;SHITAKE PORCIONADO;BOLSA C/100 GR;;UND;12.00
PSC190;VINAGRE DE ARROZ;ENV. 5 LT;;LT;41.00
PSC195;VINAGRE DE JENGIBRE;ENVASE 5 LT;;LT;35.00
PSR;PRODUCTO SEMI-ELAB. REPOSTERIA;;;;0.00
PSR001;FRUTILLA CONG. PORCIONADA;PORCION 100 GR;;UND;1.37
PSR005;FRUTILLA CONGELADA;BOLSA 1 KG;;KG;8.00
PSR010;MASA P/MINI BRIGADEIRO;GRANEL;;KG;60.00
PSR015;MASA P/CUÑAPE PARA CINEMARK;PORCION 4 UND;;UND;0.63
PSR017;MINI TORTIÑA DE FRUTILLA;UNIDAD;;UND;2.20
PSR019;MINI TORTIÑA DE LIMON;UNIDAD;;UND;1.80
PSR020;CUÑAPE;BOLSA 20 UND X 5 porcion 4 UND;;PCN;3.90
PSR025;MASA P/TORTA BRIGADEIRO;UNIDAD;;UND;10.80
PSR029;PIÑA CONGELADA PORCIONADA;BOLSA 120 GRS;;UND;2.20
PSR030;NEPAL;UNIDAD;;UND;9.00
PSR035;PETIT GATEU;UNIDAD;;UND;3.40
PSR040;BASE P/TORTALETA;UNIDAD;;UND;0.40
PT;PRODUCTO TERMINADO;;;;0.00
PTC;PRODUCTO TERMINADO COCINA;;;;0.00
PTC001;AJO FRITO;BOLSA 500 GR;;KG;112.00
PTC005;ALMUERZO PLANTA;UNIDAD;;UND;8.00
PTC010;ALMUERZO SUCURSALES;UNIDAD;;UND;8.00
PTC014;BOLINHO DE FEIJOADA;UNIDAD;;UND;2.52
PTC015;CARNE A LA OLLA;BOLSA 1 KG;;KG;113.00
PTC020;CROITONS;BOLSA 500 GR;;KG;35.00
PTC022;CROSTINES;BOLSA 1 KG;;KG;38.30
PTC025;SOPA  DE PAPA;AGRANEL;;LTS;11.88
PTC030;SOPA DE  TOMATE;AGRANEL;;LTS;19.03
PTC035;JENGIBRE PROCESADO;BOLSA 1 KG;;KG;56.00
PTC040;HIELO;BOLSA 3.5 KG;;UND;2.50
PTC045;LLAJUA;BOLSA 1 KG;;KG;10.00
PTC050;PAPAS AL HILO;ENVASE 1 KG;;KG;73.00
PTC055;LASAÑA;UNIDAD;;UND;11.50
PTC060;PORCION P/FEIJOADA;UNIDAD;;UND;7.70
PTC065;PORCION P/GALINHADA;UNIDAD;;UND;7.00
PTC070;QUESO DAMBO FILETEADO;BOLSA 1 KG;;KG;58.00
PTC075;REPOLLO COCIDO;ENVASE 1 KG;;KG;9.00
PTC080;SALSA BECHAMEL;BOLSA 1 KG;;KG;30.00
PTC085;SALSA CESAR;BOLSA 1 KG;;KG;47.00
PTC090;SALSA GYOZA;BOLSA 1 LT;;LT;46.00
PTC095;SALSA P/TEMPAYAKI;BOLSA 1LT;;LT;24.00
PTC100;SALSA P/YAKISOBA;GRANEL;;LT;14.50
PTC105;SALSA PICLES;BOLSA 1 KG;;KG;30.00
PTC110;SALSA TARTAR;BOLSA 1 KG;;KG;29.00
PTC115;TOSTADAS P/TARTAR;UNIDAD;;UND;0.35
PTC120;VINAGRETA;GRANEL;;KG;16.83
PTP;PRODUCTOS TERM. PANADERIA;;;;0.00
PTP001;PAN BAGUETH C/ AJONJOLI;UNIDAD;;UND;1.20
PTP005;PAN BAGUETH;UNIDAD;;UND;2.01
PTP010;PAN BAGUETH DE 1/2 MT;UNIDAD;;UND;4.50
PTP015;PAN CIABATA;UNIDAD;;UND;1.18
PTP020;PAN DE COCO;UNIDAD;;UND;0.80
PTP025;PAN CROISANT;UNIDAD;;UND;1.70
PTP030;PAN FRANCES;UNIDAD;;UND;0.42
PTP035;PAN HAMBURGUESA;BOLSA 10 UND;;UND;0.84
PTP040;PAN INTEGRAL;UNIDAD;;UND;0.60
PTP045;PAN ITALIANO;UNIDAD;;UND;4.56
PTP050;PAN KAUKA;UNIDAD;;UND;0.70
PTP054;PAN MIGA;BOLSAS CON 10 LONJAS;;UND;11.00
PTP055;PAN MARRAQUETA;UNIDAD;;UND;0.41
PTP060;PAN MIL HOJAS;UNIDAD;;UND;0.90
PTP065;PAN MINI CROISANT;UNIDAD;;UND;0.30
PTP070;PAN MINI HAMBURGUESA;UNIDAD;;UND;0.25
PTP075;PAN MINI INTEGRAL;UNIDAD;;UND;0.20
PTP080;PAN MINI MARRAQUETA;UNIDAD;;UND;0.20
PTP085;PAN MOLLETE;UNIDAD;;UND;0.70
PTP090;PAN MOLIDO;GRANEL;;KG;10.00
PTP095;PAN PITA;BOLSA 5 UND;;UND;1.45
PTP100;PAN HOT DOG;BOLSA 10 UND;;UND;0.84
PTP105;PAN TORTILLA;UNIDAD;;UND;0.70
PTR;PRODUCTO TERM. REPOSTERIA;;;;0.00
PTR001;BRIGADEIRO DE CHOCOLATE;UNIDAD;;UND;3.00
PTR005;CHEESECAKE;UNIDAD;;UND;88.00
PTR010;EMPANADAS DE QUESO;UNIDAD;;UND;2.30
PTR015;EMPADA DE POLLO;UNIDAD;;UND;4.40
PTR020;FLAN;UNIDAD;;UND;4.70
PTR025;MERMELADA DE FRUTILLA;BOLSA 1 KG;;KG;21.00
PTR030;QUICHE JAMON Y QUESO;UNIDAD;;UND;3.47
PTR035;QUICHE DE ESPINACA;UNIDAD;;UND;3.60
PTR040;QUEQUE NARANJA;UNIDAD;;UND;1.00
PTR045;QUEQUE ZANAHORIA;UNIDAD;;UND;1.10
PTR050;QUICHE DE JAMON Y QUESO CINEMA;UNIDAD;;UND;3.47
PTR055;QUICHE DE ESPINACA CINEMARK;UNIDAD;;UND;3.20
PTR060;SALSA DE FRUTOS ROJOS;BOLSA 500 GR;;KG;63.00
PTR065;SALSA DE MARACUYA;BOLSA 500 GR;;KG;10.50
PTR070;SUSPIROS;BANDEJAS;;UND;6.00
PTR075;TORTA BRIGADEIRO;UNIDAD;;UND;70.00
PTR080;TORTA DE MOUSSE DE CHOCOLATE;UNIDAD;;UND;60.00
PTR085;TORTA BRIGADEIRO PEDIDO;20 PORCIONES;;UND;0.00
PTR090;TORTA BRIGADEIRO PEDIDO;50 PORCIONES;;UND;0.00
PTR095;TORTA BRIGADEIRO PEDIDO;60 PORCIONES;;UND;0.00
SEC105;MILANESAS DE QUESO CINEMARK;BOLSA 100 GR;;UND;6.50
SEC540;SALSA ALCAPARRAS;BOLSA;;KG;90.00
SEC550;SALSA MARINADA;BOLSA;;KG;14.65
SEC640;SALSA TARE;LT;;LTS;60.00
SEC698;RAVIOLI PORCION 2 UND CINEMARK;PORCION;;UND;3.00
SEC699;GNOCCHI PARA CINEMARK;PORCION;;UND;5.60
SEC700;SALSA P/ GNOCCHI;PORCION;;KG;0.00
SEC701;CROQUETA DE PAPA CINEMARK;PORCION;;UND;0.74
SEC710;ROLLITO PARA HOTMAKI;PORCION 4 UND;;UND;3.65
TPC071;HIELO NATURAL BRAZILIAN;BOLSA 3.5 KG;;UND;0.00
TPP085;PAN MINI PITA PARA CINEMARK;UNIDAD;;UND;0.80
V;VAJILLA;;;;0.00
VC;VAJILLA COMPLEMENTOS;;;;0.00
VCC;VAJILLA COMPLEMENTOS CRISTAL;;;;0.00
VCC001;CONJUNTO DE SAKE;PIEZA;;UND;105.75
VCC002;COPAS COGÑAC (BALON);PIEZA CRISTAL;;UND;30.00
VCC003;COPAS CHAMPAGNE WINDSR;PIEZA CRISTAL;;UND;4.70
VCC004;JARRA DE CRISTAL P/ JUGO;PIEZA CRISTAL;;UND;22.00
VCC005;COPAS MARTINI;PIEZA CRISTAL;;UND;13.33
VCC009;VASOS DE VINO TINTO;PIEZA CRISTAL;;UND;8.33
VCC010;COPAS P/CHOP;PIEZA CRISTAL;;UND;0.00
VCC011;CENICEROS;PIEZA CRISTAL;;UND;3.50
VCC015;COPAS TEQUILEROS;PIEZA CRISTAL;;UND;1.75
VCC018;COPAS MARGARITA;PIEZA CRISTAL;;UND;10.33
VCC019;HIELERAS;PIEZA CRISTAL;;UND;22.00
VCC020;PLATILLOS DE CAFE PEQ.;PIEZA CRISTAL;;UMD;11.90
VCC025;POCILLOS BLANCOS;PIEZA CRISTAL;;UND;25.00
VCC029;SIFON DE CREMA;PIEZA;;UND;460.00
VCC030;TAZAS DE CAFE PEQ.;PIEZA CRISTAL;;UND;12.75
VCC035;TAZAS MEDIANAS BRAZILIAN;PIEZA CRISTAL;;UND;6.67
VCC038;TAZAS PEQUEÑOS BRAZILIAN;PIEZA CRISTAL;;UND;15.00
VCC040;VASOS COLLINS LARGOS DELG.;PIEZA CRISTAL;;UND;2.50
VCC044;VASOS P/ MARTINI CISPER;PIEZA CRISTAL;;UND;9.33
VCC045;VASOS P/AGUA PEQ.;PIEZA CRISTAL;;UND;3.47
VCC050;VASOS P/JUGO ILABELLA;PIEZA CRISTAL;;UND;5.58
VCC055;VASOS WHISKEROS DELGADOS;PIEZA CRISTAL;;UND;2.50
VCC060;VASOS WHISKEROS ILABELLA;PIEZA CRISTAL;;UND;5.83
VCM;VAJILLA COMPLEMENTO METALICO;;;;0.00
VCM001;ABRELATAS;PIEZA METALICA;;UND;119.00
VCM005;CORTADOR DE MASA;PIEZA METALICA TRAMONTINA;;UND;18.00
VCM009;CUCHARAS DE MESA;PIEZA METALICA TRAMONTINA;;UND;6.67
VCM010;CUCHARILLAS LARGAS P/HELADO;PIEZA METALICA TRAMONTINA;;UND;6.67
VCM011;CUCHILLO;PIEZA METALICA TRAMONTINA;;UND;0.00
VCM015;CUCHARILLAS P/AZUCAR MEDIANAS;PIEZA METALICA TRAMONTINA;;UND;2.75
VCM020;CUCHARILLAS P/CAFE MEDIANOS;PIEZA METALICA TRAMONTINA;;UND;4.09
VCM025;CUCHARILLAS P/CAFE PEQUEÑOS;PIEZA METALICA TRAMONTINA;;UND;3.13
VCM030;ESPATULAS GRANDES;PIEZA METALICA TRAMONTINA;;UND;85.00
VCM035;ESPATULAS PEQUEÑAS;PIEZA METALICA;;UND;7.50
VCM036;PLATOS PLANOS PORCELANA;PIEZA PORCELANA;;UND;33.89
VCM037;PLATOS HONDOS PORCELANA;PIEZA PORCELANA;;UND;25.06
VCM038;PLATO POSTRE RECTANGULAR;PIEZA PORCELANA;;UND;23.20
VCM040;SACACORCHO;PIEZA METALICA TRAMONTINA;;UND;39.00
VCM049;TENEDORES DE MESA;PIEZA METALICA TRAMONTINA;;UND;6.67
VCM050;TENEDORES P/POSTRE;PIEZA METALICA TRAMONTINA;;UND;3.59
VCP;VAJILLA COMPLEMENTOS PLASTICO;;;;0.00
VCP001;COLADERAS MEDIANAS;PIEZA PLASTICO;;UND;15.00
VCP005;COLADERAS PEQUEÑAS;PIEZA PLASTICO;;UND;8.00
VCP007;ALCUSA PLASTICA;UNIDAD;;UND;10.00
VCP010;TAPERS ALMUERZO PERSONAL;PIEZA PLASTICO;;UND;15.00
VCP015;TAPERS GRANDE PLANO;PIEZA PLASTICO;;UND;125.00
VCP016;TAPER CUADRADO 12X12;UNIDAD;;UND;4.00
VCP020;TAPERS MEDIANO;PIEZA PLASTICO;;UND;10.00
VCP021;NUEVO BALDE ESCURRIDOR 14 LT;UNIDAD;;UND;48.00
